-- phpMyAdmin SQL Dump
-- version 3.5.2.2
-- http://www.phpmyadmin.net
--
-- Host: 127.0.0.1
-- Generation Time: Nov 18, 2015 at 01:26 AM
-- Server version: 5.5.27
-- PHP Version: 5.4.7

SET SQL_MODE="NO_AUTO_VALUE_ON_ZERO";
SET time_zone = "+00:00";


/*!40101 SET @OLD_CHARACTER_SET_CLIENT=@@CHARACTER_SET_CLIENT */;
/*!40101 SET @OLD_CHARACTER_SET_RESULTS=@@CHARACTER_SET_RESULTS */;
/*!40101 SET @OLD_COLLATION_CONNECTION=@@COLLATION_CONNECTION */;
/*!40101 SET NAMES utf8 */;

--
-- Database: `db_pet`
--

-- --------------------------------------------------------

--
-- Table structure for table `breed`
--

CREATE TABLE IF NOT EXISTS `breed` (
  `breedId` int(11) NOT NULL AUTO_INCREMENT,
  `breedName` varchar(255) DEFAULT NULL,
  `petTypeId` int(11) DEFAULT NULL,
  PRIMARY KEY (`breedId`),
  KEY `FK96262k7sq6765nwrgl4tqqb96` (`petTypeId`)
) ENGINE=InnoDB  DEFAULT CHARSET=latin1 AUTO_INCREMENT=7 ;

--
-- Dumping data for table `breed`
--

INSERT INTO `breed` (`breedId`, `breedName`, `petTypeId`) VALUES
(1, 'German Shepherd', 1),
(2, 'Poodle', 1),
(3, 'English Mastiff', 1),
(4, 'Pug', 1),
(5, 'American Curl', 2),
(6, 'Bengal', 2);

-- --------------------------------------------------------

--
-- Table structure for table `comment`
--

CREATE TABLE IF NOT EXISTS `comment` (
  `commentId` int(11) NOT NULL AUTO_INCREMENT,
  `commentDate` datetime DEFAULT NULL,
  `comments` varchar(255) DEFAULT NULL,
  `commentedBy` int(11) DEFAULT NULL,
  `petId` int(11) DEFAULT NULL,
  PRIMARY KEY (`commentId`),
  KEY `FKd55vr2mbwtinv4xkv5xqstmm1` (`commentedBy`),
  KEY `FKkxd517kasb7bb1wul4lnu4c5p` (`petId`)
) ENGINE=InnoDB  DEFAULT CHARSET=latin1 AUTO_INCREMENT=5 ;

--
-- Dumping data for table `comment`
--

INSERT INTO `comment` (`commentId`, `commentDate`, `comments`, `commentedBy`, `petId`) VALUES
(1, '2015-11-16 23:16:03', 'What is this?', 2, 1),
(2, '2015-11-16 23:24:40', 'Testing again\r\n', 3, 1),
(3, '2015-11-16 23:43:24', 'This is my comment.', 3, 1),
(4, '2015-11-16 23:44:26', 'This is a master pet.', 3, 3);

-- --------------------------------------------------------

--
-- Table structure for table `emailowner`
--

CREATE TABLE IF NOT EXISTS `emailowner` (
  `emailOwnerId` int(11) NOT NULL AUTO_INCREMENT,
  `emailRequested` datetime DEFAULT NULL,
  `emailSent` datetime DEFAULT NULL,
  `hasEmailSent` bit(1) NOT NULL,
  `message` varchar(255) DEFAULT NULL,
  `subject` varchar(255) DEFAULT NULL,
  `contactedBy` int(11) DEFAULT NULL,
  `petId` int(11) DEFAULT NULL,
  PRIMARY KEY (`emailOwnerId`),
  KEY `FKhyaik81d2qwj7q8e63h0u3t1u` (`contactedBy`),
  KEY `FKjit34yms6bmil4lsmciube9y2` (`petId`)
) ENGINE=InnoDB  DEFAULT CHARSET=latin1 AUTO_INCREMENT=5 ;

--
-- Dumping data for table `emailowner`
--

INSERT INTO `emailowner` (`emailOwnerId`, `emailRequested`, `emailSent`, `hasEmailSent`, `message`, `subject`, `contactedBy`, `petId`) VALUES
(1, '2015-11-16 21:59:55', '2015-11-17 17:48:02', '1', 'Hello\r\n							\r\n							This is a test email.\r\n							', 'Hi How are?', 3, 1),
(2, '2015-11-16 22:02:21', '2015-11-17 17:48:03', '1', 'This is next email....\r\n							', 'Next Email', 3, 1),
(3, '2015-11-16 22:10:49', '2015-11-16 22:10:51', '1', 'Hello\r\n							\r\nasdfsdfThis is a test email.\r\n							', 'Hi How are?', 3, 7),
(4, '2015-11-17 10:35:20', '2015-11-17 17:48:04', '1', 'Hello Prithivi,\r\n\r\n<br/>\r\n\r\nThis is scheduled email. Email aayo bhane viber ma msg gara. Ani project kati sakyo?\r\n\r\n<br/>\r\nPradip', 'Nice Pet', 1, 2);

-- --------------------------------------------------------

--
-- Table structure for table `owner`
--

CREATE TABLE IF NOT EXISTS `owner` (
  `ownerId` int(11) NOT NULL AUTO_INCREMENT,
  `city` varchar(255) DEFAULT NULL,
  `ownerName` varchar(255) DEFAULT NULL,
  `password` varchar(255) DEFAULT NULL,
  `userName` varchar(255) DEFAULT NULL,
  `email` varchar(255) DEFAULT NULL,
  `instantEmail` tinyint(1) NOT NULL,
  PRIMARY KEY (`ownerId`),
  UNIQUE KEY `UK_3j1oe8ttfkq341olk4qef2hql` (`userName`),
  UNIQUE KEY `email` (`email`)
) ENGINE=InnoDB  DEFAULT CHARSET=latin1 AUTO_INCREMENT=4 ;

--
-- Dumping data for table `owner`
--

INSERT INTO `owner` (`ownerId`, `city`, `ownerName`, `password`, `userName`, `email`, `instantEmail`) VALUES
(1, 'Fairfield', 'Pradip Kharbuja', 'kharbuja', 'pradip', 'pradipkharbuja@gmail.com', 0),
(2, 'Des Monies', 'Prithivi Shrestha', 'shrestha', 'prithivi', 'prithivikhatri@gmail.com', 1),
(3, 'Fairfield', 'Sandeep Kharbuja', 'kharbuja', 'sandeep', 'sande@gmum.com', 0);

-- --------------------------------------------------------

--
-- Table structure for table `pet`
--

CREATE TABLE IF NOT EXISTS `pet` (
  `petId` int(11) NOT NULL AUTO_INCREMENT,
  `petName` varchar(255) DEFAULT NULL,
  `petPhoto` longblob,
  `breedId` int(11) DEFAULT NULL,
  `ownerId` int(11) DEFAULT NULL,
  PRIMARY KEY (`petId`),
  KEY `FKfmco4cx4oc11gt4p1wd20r11j` (`breedId`),
  KEY `FKa6nbmu39v9jowkd7jqo1e1lyw` (`ownerId`)
) ENGINE=InnoDB  DEFAULT CHARSET=latin1 AUTO_INCREMENT=17 ;

--
-- Dumping data for table `pet`
--

INSERT INTO `pet` (`petId`, `petName`, `petPhoto`, `breedId`, `ownerId`) VALUES
(1, 'Tommy', NULL, 1, 1),
(2, 'Doggy', 0xffd8ffe000104a46494600010100000100010000fffe003b43524541544f523a2067642d6a7065672076312e3020287573696e6720494a47204a50454720763632292c207175616c697479203d2039300affdb0043000302020302020303030304030304050805050404050a070706080c0a0c0c0b0a0b0b0d0e12100d0e110e0b0b1016101113141515150c0f171816141812141514ffdb00430103040405040509050509140d0b0d1414141414141414141414141414141414141414141414141414141414141414141414141414141414141414141414141414ffc00011080096009603012200021101031101ffc4001f0000010501010101010100000000000000000102030405060708090a0bffc400b5100002010303020403050504040000017d01020300041105122131410613516107227114328191a1082342b1c11552d1f02433627282090a161718191a25262728292a3435363738393a434445464748494a535455565758595a636465666768696a737475767778797a838485868788898a92939495969798999aa2a3a4a5a6a7a8a9aab2b3b4b5b6b7b8b9bac2c3c4c5c6c7c8c9cad2d3d4d5d6d7d8d9dae1e2e3e4e5e6e7e8e9eaf1f2f3f4f5f6f7f8f9faffc4001f0100030101010101010101010000000000000102030405060708090a0bffc400b51100020102040403040705040400010277000102031104052131061241510761711322328108144291a1b1c109233352f0156272d10a162434e125f11718191a262728292a35363738393a434445464748494a535455565758595a636465666768696a737475767778797a82838485868788898a92939495969798999aa2a3a4a5a6a7a8a9aab2b3b4b5b6b7b8b9bac2c3c4c5c6c7c8c9cad2d3d4d5d6d7d8d9dae2e3e4e5e6e7e8e9eaf2f3f4f5f6f7f8f9faffda000c03010002110311003f00974bd323f134322ab91e60ea0d69c90c5e19b64b2899a4e792335c3d949a87836fa3b16b90d113b43679c7a55ab9d4ef16f6488cbe797e573d7ad7f23d4a0dbe54ef1dd1f0b2a8b96d6d4e8ac7518efb5610dd427603ce475aefe1934cd3f4a945ba24381c0518c9ae27489e21023cc545d63bf5abd6da2dccfa7df5cb5dec8f92aac7a579ee7caed1d0d29dd46eb5387f1778ef508229a468c18636c027d2b8c9fe2edc5f3476fb141c7df6ed5af7f1c9ae585e40d22ed048dc3af06b814f861ff092dec76315f1b693a34b862a80f721413f9035f5f82c3e124ad5d59a0494be2ea763a0fc4ebb17a6dd6254cf4917a575d7efabdf69924ba8d95c2428ab279aa87011b90df4e0f3f5f435f417ece1fb0a68da1e8b6fab6a5e2abbd71e652c913e9c91dbf3c83b24dc64c7182c074e95f525f7c2ad2751d086977d6b697d651dbadbc707d9238801dc0d806013838e8080457db53e0d75ff00789a8f6eb7fc4f5a1974ecfdeb1f9c96b7da9e99a30974d4927597e55f2c6ec9e38e3ea3f4f515c659aeafaa6aae2f52585198b8693383cf35fa9be14f83fe1cf09165b0d26d6de0923f2de1d9918edd73fe71e95a1ac7c31f0f7897476d3b59d2ed35080f0acd0aaba0edb587208f506ae9f04d6a74e4d548f3bf276fbffe016f2d938a4e67e6a78c3cf83c205e322670a10a870a4f7c64903a0ee6b53c0be02d26d6d2f2da6378d35c5c25dcf0dfa2abc133448648c156605558ed073ced3902bea6f8adfb26595d4f63a9f85e56b282da70f7f61302e27848c3f96d91b5b04fae7f135e2ba2fc24f1beab7baedec7642e44b7324e8b13e24ccaecc8029e8bf37de3c70071455c2669936435729a71535567cced7764b95e9ff8023a161a387a5751bc9e9f2393b9f09c1fdba2389025bae31c75ae67c65f092f357d5996c2778612b9215b20f1c57ae2f852e7c3ebf66d6e0922d4522dd2a7071ce33904f3f4fad64c7acc9633491b0dc47ddce09c57e52e588c0d4f7d599c2a2a29f3753c56cfe04ea2a925cc97277273b09fe55e8ff0e7c157ba569ef2dd4db42f006719a5d7bc41a8b195e28cac2ab972a3a74e7f5ac7d1bc4371397805c3345b49e0f4ad2a622be2636a9aa31fddf3ab9e9fa7866b8865475f290f3934e9bc4f62da96d9e401cfca09e6bc667f16dde9d7a6dbcf6314871d7bd47e2cd4d6d2dad2f165e40cb7e5c5611c3cd5a1dc89e2545da07b16bda35adf4c8eca0ae38ed45717a0f8e46bbe1cb59e3b9462a76120fa514dd6ad49f23e8743a9196acf2ef116b96dac159637f2ae94e42b7049f4e6a4d27ed3a8dac97d6d2037717010f39c0aab7de0a6f156b132cd1b5b4d1370c8701bbf5af45f04f862db4d3bae972aa705b1d7ea2bd2af5a8d1a4941de5dbfae878ee29bd0f37bbd6f5382217972de4dc8207959efe98af4cf85fadffc2641adaed9910a61b1c66ab78ebc0f65a9df431a49f3cb8112a7bfbd7aafc18fd9abc4961ba6b856d32093ef2dc8c963d9940c903f4f7f4d68e1259bd2e4c3526e7e4b6f99d3429ce52b455cf2c7f0558697ad5c5b8f3660ef948d0125b9c74afad3e04fecfba5f87a1b0d7752d3e54d5082eb6d3a802227a120739c7638c7349e11fd9df50f05f8dad7c4735c5bea71c79c4792be592386c11c91ed5eff00a74823894382a4f42e00e7f0afd1f867866a519fd6b324f9d6d17b7f8bcfc8f77098471f7eaad7a1a1648b0c7e58c7cbd38a984813ef1ea7bd4129d803c6727da90ca2e2256e847b74afd52f6d0f6122c09d57ef10334e322e39200e99acb6bb1e61cae4020035723b850371e39a14d31b8b2cb75155934db58dde458115df1b980c138391fad58120c13e83350cb7488064e09ed4db4b56249b30756f0168ba8b348f6c914ac72cea06e238c8c9f5c0af90ff00697f072f857c48d7ba669eba769d36151636f94b63961ce33ce48edc715f6926a10c92f97bd4b1fe135cff008c3e1d683e30b465bcd1ad6ea50772bb46032b7ae715f339d64f4736c33a51494b74edd4e6c461fdac397667e76f87348d7e4b4d59afb0b64f6b2cdb9c8055554e0ffdf5b6bcbac9f51d3aede5826125b86f9c67fcf7afb0fe2cf816dbe0f689addf6a62eeeadf5302d15ec91716b11208e1c81d40e0139f6af937c59706e0dd1d30476da4a1da22083cde3bbb6d04b1ea4f4e6bf24c4e575300fd9544949eff00a7f9fccf9cc450706a3d4a3a85dc3ae320597c89048a0b7d4d6f78fbc3a9690db5a25dab2cd1e32cc3f2ae0b4b6b5b7c4f7b26d85c90ae0f4e7ad4de2cf1169d731c48b7c6e9a038014d712c34b9e2a17b2f2389536b708e0b8f0a0fb3db3b3c4dce41e33de8aeb2df53b2bdd1ed00b66df8dc495cf1452e7726dce1760ecdea7d203c2fa68b2deaa8b2e32aedd1ab86b9d22f27b7ba8ac94bcc1bee8ac1d5be2049aa4ba7e9915cbc25880cd1f240ce33ef5e93f0faeb3ac268da55a79cae3e6b8f2cf98feac4b6768eb801727d6bcac0656f1f56316f957e2fe4755382ad2b2d0d6f839e039ad7508b55d66d96de553b61798977f76451d3a75ed5f5b78563436f1badd4b22e388cc4ca0fe079acdf05f86ac74ab18e7b8851a538cbbe09fcf15d65f6b36fa669d25db214b78d7733e3181eb5fd0b94e594b28c37b283f367d361e82a51e58999af6a6de68b70a2340c033e7247e14c7be8e084afda04648c287f9b3f9579aeafe24b2d6a692f2db506962958bc5207dcaeb80081dbb7b735e43f1b7e2a2782fc27a96ad25e2db4561034d25c1e0a281d5547de63d00ee71d3ad6d2c6f2bd35b9ee4308e5a6c7d312f8a7ecb71159895259dba7cdf7bdaafc17d76c11248fcb576daa4f7e33ff00d6afce4fd973f6f2d2b5ed5eeec7c4b637a8b6d32ad9ddea1324d29673c21d889b724700ee1db702467f4474dd4a2f18e896f7b69e7da2cca0c65d36bc67e86ba2d3bfbda3ec67682f8755dcbf7136dda37e093c2e3ad72bad7c43ff008475a49a72915a43cc9248c0003be335d3c71cf636882eb133a803217058faf15f15fedcda2789bc43e0edb608ef68f7b0a4f62b1652e3733b62403929b91738ebe9c1a895eeb5b1ad282936ad73ec8f0bf8ff004df1d5b05d36e594caa70e63c74eb8cf07ea38e6ba2d40c56db7cd4df0b0daddc8f7afc9bfd96753f88fe01f8b323785fc2b71a4e95a9387b9d11a4f26d109c00f106070ff007b3b71900035fa6da6788ef35fd203df5935acc106e39e03771533c42849d39eafa3e8692c236954868baabeb72f6a567fd8adf681fbcb3e3f798f9e2f7ddd48fad6be9da9c72942f2ab6465645c80c3f9565d9ea067d2e686e88f2d415f307f77d7f0ac2f0d6a9e54d2adb4ef72967706d6ed5a3daca4f2ac474239c13dcf3eb571a91494a3b330941bba96e8f40d474eb2d72c64b6bcb78ef2de405591c060457c47fb59fecbf716fa0ddea5e0fd1c4e96e0cdf65b5244a5463781d8f193cf3c7e5f6fda3c727206d3ec31506bb61fda1a64f129f2a62a4a3fa3763f4cf5abc5e1296369daa2d7a33caa94d4b467e08eb7a9ea4c0e9f2a148a362a19581cf7cf04e3820e0f3cd4de19d025b672ee1a595f9441c9af64fda1f58b1d77c4171a268fa1db698f61793cd29b7059e791f0097627f8766368000e7af5af11d1bc5377e10f104119532cadc61c676d7e7b385e32a746c7812eb189e89ff09fea7a3c696b716a22d830a59719a2b07597d47c756e27c15314a572a9db1ffeba2bcd860e8495ea5933254d346e6bd757105d4b246d22490701b39c1cf4afbabf65af11f8793c226ead8dc5d6a928065b9bc3bb7ca57779517f75541507fde1d41af8dfc7d69631c105cc6c13ed4d92063691ef5f497ecf37367a27842f753d26d52ee428435c5c0c476aa8a3381dcb1c0ec3e41d7029e435bf7f4e518f7d6db1782d2aa563ed3d0afe2bfd71ad999265b55daed9f9779e8bf8f3c7a0f7ae9b5fd2ceaba45cda2b1532c4577f6048c66be73f863e2bbc4bcb0334a8217b867c9cfccf86049f6f6fa57d0761e2149ededd994969d728aa39e9d2bf57a555548fbdd4fa9b34d389f3beb3a2cde07f1aea367717e21f0ece91b58dac91a308d8280c4123396393dc7b57c95fb4be9371f15fc447c13a4437d7d2dc9df2bdb0dc5090762ede8496c1038e3273c57dc7e2ad3ed3c61e34bd9a786753a20220987faa9372e768f520ae7db3ef5e3b26977d69adddcda6da5a5ac9344c636bc91636c152bb9b241e79e9f4af9cc4da954525b5f43ea704d4e2f9b7b58f0cfd99ff00611b5b0f15a5c789f5a597594922bf974c82164fb3ceb968ff007ea4a6ef989dbc8c8c1e95fa2b64c3c1fa0ac7e4a04853ee23067fc71c67e95f38f80aedf4bfb241657705fdd6e72d731165895b3db6e33c9ec3df8af10f8aff00b6408fe2ac9e066d68e9461205c5ca39f9a5619c062d9000238079f5e98f5b095feb12bb5b1e4e2697b3f7133ef5b7f19a6b36d6b3dbc53492330262546fba723ae31c7a8a67c45d2ecef3c392acf6514b1e37bc2c146ec03d4904773efd6bf39b49fdb1346f86d7ba75a59f89351b8d62790674d959a68bafca0924800f5c7eb5fa1ba8dbdbfc51f859657f644dabea1631dcdbbc6fb0c66450c0838edc76ed5d7898c9424e1bd8c68f2c6a4799e97391f04784b43b775bd86cc58dd2b36c04004678207b1c7a76ef5ded85f41347750dec90dbc68a33f373c75627b7518fa57c9be1bd7f51f85aee7c59757e6f219d229d64b83222ee936ab22b3642e5b39e405ce7a71f58784ee74ad7f4a86f5d60956e4024950549e9dfdebe5f098896226e3d577ea7d2e3f0fec22a6ddd3dac5bd2ede39f7c0ac2689d49561d181e3358be1ab66b4f144f673a6c92e2dca4dc82580276b7d71dfd8577034c86d7ca6b6508573845e847702bcb7e29f89ffe119f147876f94ec692468644e9bd4b2819fa139fc4d7bd28fb08294fa3fccf9d52f6d26a3d4f41f076b43508e6859bf7f03147461823048cfd0f6ad4d5f538ec2d6796621218d0b3b31c0503be6b8dd26c20b4d42d3531318c4d1c8e149c6e270c57f4cf3debcfff006a5f8bb63e0ef861aa04ba5325fc62da2689c6e21f39fa1015baf5c63bd693c42a142539f438310e30bcfa1f9c9e38f18c137c54f1235b40ad66f792b9b8c0f9b2c4e7dab97d5fc2d16a96f71ad5b206f2812ac57ad64dfeab67a8ea0f0c4ed0c6cc4bed1d73dabb3f0f788e3b5d1af2c248c9b144ce58679f7afcba4e5097b48ab367c7b93bf325b9c4f84fe2e3784659e0be812489c6570bca9cd154fc4c96ba8343716562a50e43123193457a71a587a8b9a51d4d79212d4f55d6b42d335cd21eda095e3d9911966395e315ea9fb2c5f47a29bbf0e6b17af1787a28da58b1811493175621c8c9ec063a6377ad793697a72eabac5dd945398a6704c6ff00c24fa56d68dae4be0e4b8865db05ec4d9f9ff888efee2be530b8cab829c5c75575a7a9853aae9494ba1f40f8cbc6afe1fd6913459da478c890231dbbd430c91dc0ed5ee5f0a3505d4344d43574716d6df67691e35933e5ed1f3127ea33f8d7e73c3e23f116afad5c6ad7aee6e9db7a48cdf291fddc0edec2bea3f84336b9aef8722d174b6fb1c5ab40c2e24657552e7860091d3d2bef3079a2af5dc5af43e8f0d8d8d4bc763e89f0c78cac359d2a47b62b13dca92add7972416fcb3f957ccbfb5e78bffe1189e47d2ae1a0b636eb04b3162554e480c4819ce4e3d38af57b2f04dafc2ed4ff00b1ae351b89123844b2bf05769e9b5892540c1c935e07fb556a7a7f8c343b8f0fe84f0b305173348dca9dbc2ae4804f2727e95d35a52a9ee57b2b33ebf035630d56ece27e027c479ae349290ea72c8b6b62e6678d5f0ceef2104b9c6394718c673ce4e41af97ff680f075d6b9e3293c49a5a89ae2e5d5a6b785be649170a1867920e07e35bbe0ff00156a1f0aa1bab1f2095bc917cd70385c6704fb673f9d79adef8eb525f12dc4134d1ca648731a6d382c0a91cf5e4035e8e0a954a55e52a7f0fe6658de5a915ccfde3befd9efc2b3f8ebc630dbeb7a1d8b411cc4cfab6a99f32dd3ef158d738672bbb6ee054139ed5fadbe10f8dde10f0f78160d2f4cd6ac9e0d36cc2436b1ca37c50a285518ce78c01835f8e5a7f817c6f7f6769ad40f3dacab711431a20236a9200f73d057d15f0ebf673d474fb1d57c5fe26d46ee0d1e0866bababcb6b9f2dd5b0727a1231b8e38c648af63170af3a6d5276763a32fcb273939578b515af63d4ff6c3f88377ad5ce911e9f6d2c1a97da96232c0a48772b9f2c853df0dd7a15048e011e91f0b7c6face81f0874db2bb478eee499522f9f2610081827fbdb40c0f739e95e0bf03fe0cea1f12f4ff127c4d996f56c78b6b53777018c920c92e381b8a26c1bba12cf81c607b378225b01143e75e9bdd305d25c5c2860c60640c155b1d396c647619af89ad4beab254a4fdfd5dfd7fc8fa155555a2f935827f97f99f60f84fc78bafe876a44bb2f11416565fbdc7515cbfc71d1878c7c3a97b632a25dd838bb64e0ee546cb8c7507e5fd2b0ac3523a73c02da2492dd768dc8d828303a1ee3907f1ad8d57c35a8cda46a37b622633bc127965b98f057bf1d7fc9af7e339d6a3c92d743e36b38d29b9c0b7e14d665f19e9d696807976a8a19e4638239e307f4ae3ff6b1f80dff000b27c25a68d26e2de1fecd0de6c4a5448e9824727d0e7b8ea79af822d7f69af881f0b7c537167a75f2dec1637055b4ebdb6568d9813919186c679e08c62af47fb45fc54f8b50ded9ea7accb69038225b4b48d61ca12495240dc476c13d2bcbaf98517856abc6f75dcf9ac4e32955838b4cf27d42f34ed37c477b636917daa3b776885c71b58838c823823dc75ae9742d224baf0d6a33fda90ca7e648b209fa579f78937699ac5d6f919d118288a35e87deb77435bcb3862bbb74949908c8eab8af97af4d7246717bd8f0f962b5e872b772ebb3de496f2dc0b109caa918c8a2bdab53f0d41e32b6b5b9b6111b88d764a1d40c7f9c515b4732a765b2f2b1d2a7131ee3c74d3dcca20b7fb359c60149546181e39fd45477d7f79e346f392c8dfceab82b138cfd6a2f0e69d69aa5a4ba6ea777f62655f25dca8c6471d6bb9d2b4bf0d783bc308b697ac2e89da6ea1937127d3fcf6af1aa2a742fc91f7ba1c1cd15a31fe0ab3b2d4f40fb36a824b6b985b6ac38f9b3d2befcf8269a75c783ec5d6036f3c08b1bc722e0a1518e2be26f86da3ea1e3478a6b2daf34374a8f332e59c820f35f78687043e1fd1a306cd61ba910199b76416c57d070cd0a9f58a95e4acbb1e96029be672387fda9ec346b8f0ec5a8dc79b6b7e8ab08bbb76c17427ee30c10573cfe15f22c7a05adfebcac7538aede48ca456aaf9207525bb0e82beb7f16ccbae5bcd63a898e6b560c0a30e1bd057cdfe39f86517877574bed26d7cab5d84ca2290970739e327d315f49985194e4eac11f4b4aaba4d33e78f881e1cbbb6d6ee6d9ed37c218ee575c8e99033e9f3579b69ba15858f88ec35f7b19269b4b996e8c39dc24815b2c769e9c0623debe9ef105cc3e32d32caedc9b4d4a3954dcc120dace06573f91af23bf6d3fc3fe3fbc8b51430586a89b5085e1a1f2b0c171dc32b640fef8f5acb0f8871baec7b30af1ab34e3bad57af43ed2b0d73e18ebf0db4da3de69e352ba823d45347918a5cac613719162382c8172db86570339c554f8b9e344d3b49f09fc30d15523d4758bdb9d375ad392e11e69606650a1655dca8cc1892403b41c7419af8ff40fd98c1d48dde8be3f9ac7eccc162179602468d0ff000ee0d838071d39e6bea2f85be06f04fc1755f106a7aa4fe2ff0016dc82906a5a930c40369e5220708063ae49fcb8f7aa6658574afed3a74dcf52798e2714952f67d77bfcbee3d8f48f1c69b69a369be0cb2d20e8b610dba5acb601b77d98e0ec70c33bd1882370c1ce7383c56ae99f08d2df4abb923892064019e2450558119072796e8393cf3587f0d92f7c57e1fb3d73ec905c4cac6ea0b658c092588f0c0b673b4ba861ea00af48f16f8a6f61b1b7bcb3dd05c10be6433c2c62907a6e18c11cf7e3bd7ced0a7edff7f5b5ec658dc42a4dd0a5a5b7f530b4cd588d361d0cd9c725e33086124112649dabcf420f03b1fcb35efde1fd264d37c3b1594d8794261f1d013d857987c37b54d535c1aa5d41109c4798c46b85c139ce3d4115ec68e5946075afa3c251704e4dfa1f37567cecf807f6b2fd9e2c7423a86b767a7456b24ac241320c34921ea7ff00ad5f2af8775a83c3d7325eab79af361653e86bf65bc49e1bd3fc51a5cb63a95b47756f2020a38cf35f8e7fb5dfc11bdf821f1227b6d32ea51a2dfbb4d0aca00c31624a0f61915f239be4ca5375232b425ba3e6b1985d79e3b17af7c31e18d5ad6eee6552b35c9123bfbfb5749a63e8767a8e9896ea0408a13ca6c724fad7cefe1ad4b516b9923bab86758fe42a0e702b6f57f13359de2142ebe50ce73debe3aae5d5b9bd97b46cf2654a5751bdcfa28785a38757bd9633e4c5290c8a3818a2bc5349f8bbadb802e559c6df95b14579b2c0e262ed2577ea4b8b4f53a4305addf8a75bb579e26b69489e25e32411d33c7a573faa787e1b38da245921803ee0e1890a7a8cfb7f85767e22f0a68579a0cbab40cd06ac182c0e8d8503dff5ae7ecbc4de1ed0348b9d3b55b83a95edc0c108b9c1ed5df4e729c54a95deda7ea6f1a72b292d4efbf67cf1f4de19f122da5ddcdbc56f39064046464771ee6beed7d56d351d322996e0952a081ebc57e5ff00c3af15b58fc40d3eee7d284ba5a4e10c78cb73c03fad7dd57fe26874b861104dfba92252809e991d08afbbc95ca8c24a4f4ec7b1824d45dcb1e22d66cbed77110ded211c1ed9f4ae2b5895eee160f1f9a3b0cd75969692eaf6930fb32c9b977894c7828de99a86c34ab592d58b856b95ce474000afa4b5d1ea5cf00f12bdbe8904f25ec6638676e49e7915cec569a17883484b6d492deee11283184e1c39e857b83f4c57b978e3c176daedb2996de27b75058bca7a7d2bcabc33f06df5ef175d4ba65f0b28ad1039508243d4e063a678cd7915709094b476675412f893b12fc31f0fda29d54acd1ea36cb212ccea3ce88900827bb0c003b753c57b37c33f02f84fc4135e788f58d54eaf672ca156c2e2355b7870a1026d232c46efe23dfa7435e3169e03bdb7f104d65a6cad2dfc721b996544650c3209040f4248c7bd7ab68ba55cc1e18bed3cdb082eae093b946046d8e72bdc9c01f803dab1a3828467ced5fd4f4dd5ad6d25b9ec1aae99733f85f49bdb1b68acefe25584bdbe5762e0f50bd3040c74eb491c9ab26b56f733c8d1dd5c28f3add4e5260060b3267033cf38ae63c1fa2dfe83a6d9dd5e5edc3a33ac26684ed209e06e07b735dcdd69e9a46b9a34325e7da2e6e81f31801f221200c9fcebd6e5b24f639add2f7dceff00e1de9e34e851dc9ddb7017a7e35e8d6d3093a1edc1ae41f4c934b48ae2292372182e09e315d0e8d3892261d1d4fcc3a57ad4934b94e193bea6b33803af22be38fdbe7c316f7be0f5d626b58eed52e5226cafcf1b370083e95f632461b9ef5e41fb427832efc5fa243616b6f04d03963399d72b18033bab8733a2eb616714aefa7a9c95e1cf4da3f278fc38b8d135d89d4ee82e10bb330ea7b0a93c5fe1cbf5f0dabad9453cb29c294c1208af53f14d9def85fc5d3e877724171628084b907afd33cd71f73e28b77916ceda4794d8cbf3051c1fad7e3d1c4e23da27357944f9672945a6d6a7875bddf88b4cbd9609885910636e38028af50f8896d69afc96f796f3fd91db87f297193457d1d3c4d3ad05394527e87426a6b9ac7491f832ff00c63a45ecfa55d8964b55f3268949c8e3a01f857906bba127846fe1d56fb54dd03e736c065f3cf5fcbd2be8a9ac74ef077866e3c51e0cbd9defe451f688e653b429e482b81fe4d79778d74dd57e232b9beb4b69219177f9d1aed61ed58e5deecdabfb8f47d19eed2c2427eed36fcfb1e73a27c5c5f0ff008b74ebad3544b6eb306293720f6fe55f7af83fc4d078a3c3f61a8aac6c19947cc7249feb5f9a9a87846e343be69163c286fdd83ce715f6f7ec9573ff00091f862d93589cdb7d8899110af56c8c0cd7d8fb0a74795d1dba96a92a3a23e929758b984411c5163c80659234e0393d8e7a5718de29816e6e0359dcdab2ca5d5a365e588c6c3920fbf15a7aec77baccc6de2b65749833234720c823a7e75c66abe0bd4a5d4ad50c9279f0c62511337ccc7beecfa574d494b789d14d5f73535c8b5db1b592091848f73f33c3bb04678e9fa56c7853c2d73e0ab29a3610f9b7d1473fc8c4119c91f31ee33d2b1c78bef2fe55fb7186e107027b38f32023a0707fa542bafea5f10d9ec208cc705b48235889604b67a006b9dce3bea74a4cf4ff0087d676fa3db4d73a85d450ea172cc59e555cc809ce0e7b55911c9a96a115f58b45fd9f960bf27c8eea73c13f5ebe86a9f882dec6e34c36364203773c6888e41124473865fc3fa57a27c37b2d334bf0fdbda5ddd0fdd02b1c6f8de588e98cff004ae8a7793505b0f9b97524fb5aea7a26f4b611ac6065215dd9fc476eb54b51f0d4ba4dbff689d97176901481646242a3e37fe43a7bd76a742bcb5b0b8b5b68d600e3ce4089d78f947b75ae1134ed4743d6913521712cd280caf33e563c9e840ff0aea9c5e97428cb7b1ddf876f18dac2f2967b591323cc3c96aebb4d6b8322bac798586e0c3d2bcc86a8d6b3a5941711132cb890c80a9452382a3183cd7a4f802e377876de072c27817cb70c3b8eff008f5aeba4fa19ca2ed73a48e53b86ee091d2a3d42d56f6ce6818031ca8558119c83591fda12c7aebc4e37a819562b818fad5ebabf78558f95918c8e715b4649a6653563f3d3e3ff00c23b49fe25c92addc85ad73b8636a9ce78af35b0f0cc3697d7369656d0ee7c17902e4e075c9af6cf8f9af9d5be205e5a5f2ae97329ca80f9dd8ee4fb8af2df0e5ec71ea1a9c6f13425232eb28e437a57f3a663889fd72b53a7f0a93b7de7c9d67fbd6a22d8e97a3bb343358c0a98de19d7827bd1587aa6a17369a5c13c856589e4dab8e08e39a2b962abcd5e2f438dcf5d11e846f74db1d39a7d574f5892e6322740bc2e39af1fd4a7b1beb7d42e34a98416cac55371e83daa87887e27ead7fe17bc9022dce9d0fdfce372b9f5f6af28b0f18491594f6e6324c9c8c1f5afb3c160eb457333ea2957ab04bb7e66a6a5e149357b086e51d65769318efd7d2be89f839a03687e079246003c8f9e9cae3d6be534bcbdd3f51816d2e9f04efc9e8a4f6afabfe0c78c34abbf05958eecdcde4248b8864e36bd7d8615372b49dd0e33e79dcf43975ed32d5d08ba3b7600ca0956cfaf1d2ba2d23c5902d95cdc3ac3035b002391bf78f20ef9f6c579f7867c49a369da84924d6a93cae4796806e006793cd7a35d685a3f883c3d6fa9158f4e49e42af1c47e62abd49c6462bd2a6deaafb1d717ad997bc2faa685e2cd46636b651fda2087cf7314642119c647a9e7a550f10f87350f0a5d7f6959442de49a4f30a30e31ef8ef8aec7c3be26b1d0bc3bb6c6c8b12fb636f2b6f983ebdebb296183c57f653731a1b56c7991bf047a8ae8508d4566f53a54ac78d1f0c5df896d63d4259dac1a04f3112dd8bb673f7b27e9573c2fa96ab7be24b66d5eea59a3b63b51b600aa3d7818cd75f65a44de12babbbd86f0c7a726e416a5776e4ef9fad74ff0ff004bd37c50d2466048bce076c99fbb9eff005ae774939a4b7fcce9bae577d85d7b56d73c433c1a4e9fa8b18ee1466784166007d074f5aebe3d3ecf4fb68adaf3cdb86117372eb8e7839249ce7a62b3fc29e10d474e3a95d594a9752c172f0043cb6370047b71cd757e29f0da5e5ac93cd22aba2832425ca8978e9d78e38aef87359c9ad4c9f2ab456c73da335978a5927b4811a6b76da5a4518ef835b1178a27d36e459792abe500b24a3b902b1b41f15696c9f62d017ca7b62637daa189c741ef8ae7bc6fe30b5d0e39aee7322dcba818910e6473f8607153ed7961cd725fbd2b23d1d3c456fe2882f2dad802f127ca43618b7a55db39e4b3d3cc77e7cc01093bb82a31eb5e31f0df5db89e759963d826f9588e726bd9a74860d32e4cb272d1b7cc4f038ada8d5f6b1e7ea635138e87c2ff0013a6d23c59e26f124378c8aeb30549e27c909d060d72fa8f846eb44d221b4d1993510c321e77f9c8f426b93d7f55f0fe89e30d5026ab14825bb9165b791b073bcd5f8bc7f6f6f2dbadbc6ff6c827ca2a8277478eb5fce38b8e227889cd26d36dea8f8d949372e7d19bda5fc3cd3be25f842d5cbc961a8da5c3c732862a3bff00f5a8ae9fc3e0eb36535ec4df62371206318e17a75a2b9d636ad3f769e88395597bacf9bfe21786ff00e11bd1e1d12d250175163713ca57938ed8af0ed4ad5f4fd440f348484e46cea47a51457eb7819c9d38dfb1ec73371827d90ed6fed913c571e646b1ce81b6a8e48f7aeefe03f8e6dedafb57b59eda472e70bb318fc68a2bdfc2c572dcd691d6eade254835c830b347160a32c6d8241ed5f4a784f56b7d27c0b6d6c90b8b5bfb6e307e64dddfeb4515ad5d1dd1ddd51ebde65cdef86f414b597eceb1dbaab0600eec701ba70d8eb5eb7e0cf09dbdd6871a1924fb5203be6cf5e4f4a28af568454a5af635bfba72be2c68adf4fba8210cd182c0b498dc71587e07f0cde43e228e5b5d49ad6ce4b559042ab920f527eb451584a2a55526745da86873fa178c357d27e31ddc76da8cf169d772a99600796e00cfa678afa0f5af0b8b5b8bbd666bb92e2ddad885b57e9bf1c31a28a8c2252f68a5d19126ec99f317c3bf11cda5f8f358779a474b0bf78e44450be61cf1839fe95afe3ef1dcff00122f66b560d6b67048088b8f99bd49a28ae04daa7c8b66d841eb73b2f868bfd95796f6e0068e419c7a57b9c9a341ab6972dbb928b229018755cd1457b7848c79796da0aabbee7e737ed7df023c3be04f100c19668ef9fcd2ca30e18f24e722be73f0c78e65f0df8b2dbc38249af6c9dcf952ce079b1f1d33dc51457e5f89a3075f1541af76376976d3a1f2d888abc958f71f10e8573269da75d69ba9dcda2cc9b9a22c42e7d783451457e7d4aac946dfa23cde67dcffd9, 2, 2),
(3, 'Master', 0xffd8ffe000104a46494600010100000100010000fffe003b43524541544f523a2067642d6a7065672076312e3020287573696e6720494a47204a50454720763632292c207175616c697479203d2039300affdb0043000302020302020303030304030304050805050404050a070706080c0a0c0c0b0a0b0b0d0e12100d0e110e0b0b1016101113141515150c0f171816141812141514ffdb00430103040405040509050509140d0b0d1414141414141414141414141414141414141414141414141414141414141414141414141414141414141414141414141414ffc00011080096009603012200021101031101ffc4001f0000010501010101010100000000000000000102030405060708090a0bffc400b5100002010303020403050504040000017d01020300041105122131410613516107227114328191a1082342b1c11552d1f02433627282090a161718191a25262728292a3435363738393a434445464748494a535455565758595a636465666768696a737475767778797a838485868788898a92939495969798999aa2a3a4a5a6a7a8a9aab2b3b4b5b6b7b8b9bac2c3c4c5c6c7c8c9cad2d3d4d5d6d7d8d9dae1e2e3e4e5e6e7e8e9eaf1f2f3f4f5f6f7f8f9faffc4001f0100030101010101010101010000000000000102030405060708090a0bffc400b51100020102040403040705040400010277000102031104052131061241510761711322328108144291a1b1c109233352f0156272d10a162434e125f11718191a262728292a35363738393a434445464748494a535455565758595a636465666768696a737475767778797a82838485868788898a92939495969798999aa2a3a4a5a6a7a8a9aab2b3b4b5b6b7b8b9bac2c3c4c5c6c7c8c9cad2d3d4d5d6d7d8d9dae2e3e4e5e6e7e8e9eaf2f3f4f5f6f7f8f9faffda000c03010002110311003f00fcf15b7e6be9cfd806d6d1be3ee9a2e62cbb5bceb6f2aca1583f96c36853f7f2a49c0e4601af00d1b43b8d66f12dadd577b725a4708883b9663c01ff00d6c64f15fa47fb107c2ef097c2af0fff00c25b7b7b06a3ad5c66317db362c111c6426e20aa9c672c15d801f2819af2a0b9a47dd63651a345a7bbd8fac17c1be7f933f92be6463e479be611fb853c67f5f7a75e68925b0cbde13ea0a803f0c1e3f2fc6a3f10fc41b3b4b08eeadc4b7d04c82489ad7e6570718c63839cd79aebbf11e79a373f60bb8b0df2e2367ffd041fceaaa558c3447cba8ca5ab34fc5ba89b040a652ecdf2020ff239e0d7807c4af0ec7e35d46cf50b0985bea76ffb991b3c3c7b8ed56c7d188ff817b57a54b6d79e29b74956665b67ea3192a7d33ce7b106b8bd5520f0eca56073242ea639582e7771ce3bee18040ee40ec4e3cd739395ce8d2d639e834e79560791d1bf77b1b2c7024cf967af7c8cff00c0abb0f0349690bc96525d2c8c48310de58281eff4f5ae7a6f0dde6a1a6dcdab2343708de64663ce1fe5c6ec93c8c88b07be49ad7f0678552cafadfce93119506477fe16e3239ea30c2b783d4e56779e15d474e82f80be26e92470ca074c6dce47e15ed31683a76b1a544e2dd17f895d783d7239c77af9ff0058d164b09ad1f788d436fc8e846ddb803dcff3e95eede0aba99bc210f9a496488ed7eb903a1fcb14549495accd29a4ef738af12ae9da6dedd07b631c6004010ffb47a9af35f16e9f6d776714b6574aef3ae44a5b9f978c1fc4d7a37c52d064ba885e2e09191210b9ca8dc738fc01fcabc76d741922819e22edb59c040e58607183e9c8038f514e527cba91657d0ce5f0c5c5edaa4336a0560de3cc0a0ee2a4fdd07dc01dbd6bd3347f1659456317eefecf045188e346e812318dbedd57d2bcf3c31acc96d14b1dee4dac1fbc663c9e84845e9f31381ff01cf406bbb5d1ac3c45696f2c8634b970eab6f1b9503049dbfcf9c1ea4f5ac22db77345a1d9e9ba9da6a4d14f772b32293e5404e00ed9da3fcfd6ba5b3d7f4f8dbc847b347c6446576bfe55e2175e1cf10a30c5d436d087dbbd58ae78ce07058f18e9d7dba55bd33c29713a31b8d56e663c80a58a8033c646ce7f2aef8547b58c5c5377b9d87c67f873e1df8abe11934bd5e3b79a3670f12b3aabac801c6d639c1ebfad7e5b7c53f874df0e3c757fa31b7b8b5485b2b15d2e240a7a64e48618e770383edca8fadbf692d6fc6da3cf6f69a0eb5636f656d1fcd6acceb2b9c7bc633f83607b57cdbe35f8a97fe39d3e1b1f12d9c1737966a63b7bd46f9d4775c8ff00ebf3f5a55a5192b3dcfadc929558be78bbc5eeafaaf33ce634007a5148ee23e28af3ac7ddf325a18966ef0baba360e41e0f5afa1be064baaf8fd23d07509de6d36494968aeaee58a0704ee9091115762481c2962718200e6be7fb78b8e457a47c16b3d6b57f881a45a68e0cb7f24a150b72235182cc074c803f0c0f415d0a5667cf6228f35193d9aea7ea878622d1bc25e1ad3745d3608a18ad6211c505b2311181c1ce4b11cf62c4fad4d712181ccea1083f373804e3b1ebfe718af0cd1f4bbdb7f18aa6ad0bdd1b63e6db0b6578e543dd9581c6727b839e471cd7a9b349acce5564f3a3231bcfdfc8ecd8e73db907fad137d4fcf13bb327c41aebdfac8b6f104763b599571bb0c0e481d78cfe24d63691e104b9bdd93c4c627c33ab1ce096273f9ff009e4d7570e90d1cea0c6ca493fbbe0861cf20f4fcb35bb67652595cc727d9a68a26618664185e7eef07f1c7519f4ae549b7766f656b1cceb3a19d174195e38b6cea83ca2c31f3af281bd30c00fa106af5cf8662d5bc130dd956b51222cd803079018823dc03f9d767e3cd2e2fec07660a239170738dadc70ac7be4719a8d120baf0c59d9c6aab13c02248c9e830557f422ba969369983f86e8f1ed4f547d63c076f773b18a3865312ca8bc80adc10307bb57b2fc3fd4da6f09d9c70e1d12209cf2554301939f6eb9ae3748f09b5a6957169751a98de59218f030ab1e4919f5ef5d2fc32b23e1dd05e63219a004469f2e08c95278fab76a251bb5708cac99452e750d5a5ba792331d8c7e64651c6548c8f9bfc2bc9f41bb13f89efb428d3320b97dcc47dd5c861d7a641cfe02bdde2b05b4d06f11c64b33119f4001fe86b82f01783ecae7c75abea6a36bc92fdc0b905b1c93fa7e4076a1c5a8c62f71a6a4db296a3e09896c205822c98dc49b7b6e6dc72c4f7c1c81d863bd71d068b71a05eadf59c8cd6f1b12bbb3f7482a5b1c60b633cff00787a57bb78ad8daedb5b68a49277ce15132ee4f5c9ec3df81fcab95b9f0adeb5ba0b858632a77105867270338c727d3b0a99c751ad8e3edfc4f36a27eccd0b005020c9c31049fe2ea075e9cf619a83c71ad5ef83f4d17d673c6a902e4c7e50c01c76ec40f5e3dc55f97c3a82e2695240b381bb2841651d97dbdf19ae76ff005393ec1750dcc80e01d8187500e4f1c0c6474e4d694de9666725d8f01f899f16ff00e136f0f5fc1a9584171716f1871b91d25858b7046d20e31dc11f8d7cb77922f9eeca7209ea4e6becad13e18db6a3737e6784c6b78ae9b8803008e38f415f20f8f7419bc1de27d4749b923cdb6959323a11d8fe54aa26eccfb2c82bc6309d37bee605c5ced3d7f4a2b2ae2ebe6e4d150a07bf2aeee7509a7e30081cd7d5bfb06f866d25f1b6bd7cf116bdb2b4db179918c29638241e79e2be78974d283a57d45fb0d584f1f8b757d40230b7163b2460b9cb8601413ee39fa83447f888f331f3be066d3feae8fa2af34d91f5277f2d66cbf652327be7b62b49f768d6b14705a3dc09080cb190a17df3fe27f2ab1abdec7a52bcab969396231839f4ae100d4bc457bf68d475036da62b0cc16f2f96d8cf76503f9fe55738dcf828b48f5c7d6341f0af86e7d5b5fbe82ced6253231988ced1d73d7fcf7af9f355ff008286fc3ed36fa54d37c39acead6a8fb0dddb449e5b11fdd1238cf4f6ae9ff693f8776175fb3d6b37f651b4ef6f0ef05e432b01d33c93c8c8fcbd2be2af115fcbe05f08da5dd959db5edb5ada7eee1741c062bb8ab0e46003d770c16041048374deaa0f4b91566a0b9b73ee9f02fed75f0b7f683d3a6d0349d58e99ac4e0c4349d4d043316c71b3928c7d9589e3a0ad2bc8b56f02f86ace39435e436ec19a72c770c38db81f43fa57e555c78a2c7e25f8a3471a768cfa36a96b1e26bbb6c46c046988b604c04da5460a850005c01ce7f557f650f1bc9f18fe127f67f883136bda6a9b0bd9180065f93e49b1eaca467a7ccad5bd6a518d4b27a99c2b732b1eb3a4590d4b4049a260de6440aee1d0e793fafe9566d2d0699a7dc59e038f9995473f3649e0fe1fa554f07dc359e902ccae05b8921c93d958ae3ff1daccf116a9716497053200272bd7861cf1db1cfeb59c57bda96de871fa8f8fa5bdd422b2b61e6a89da3c21c87015493f404fea2a5d2fc41a57c2ed1f51d6bc55a9d9e8d68cc19ee6ea50839e48193c93e839ae5bc31058785340d5bc5f7ede4dac092dc333f223897249f4070013f857e7efc6df89ba87c69f125e789f59b19b55f0dda03f60d0fcf7891620465895e4b301cfb1c6460116a09c9393337539133edbd53fe0a3df07adeffec7a4dfea1ab1dfb649ecac1d63f4eaea871f407f1ae97c0dfb577c2ef8ab746d2d35a8f4dd54642dadf42629181e846e500e7d09fc2bf26e1f1059788fc731dfd8e97169962630ab66114460275fb817a9e33d71debeb9fd91be162f8dfe2d9bf9ad145859e9cad29c6577963b5727be0e6b5ad6a72b21539f3cac7d79ad5e79778e2d22fb4a81b8b100803f1c7e99c5729e32d2575881275555ba500c9146c1432e7919e98c1fd2a1f8ada16916b732e9da748b632c60bb18e4c0538efd42ff003fa5798e8be3dbbd167367a8cdb97ccda9e74803119e0f04e7dc62b8f956a74391da68da6f95a63b30711ab161b5ce437e2726be13fda075537df127599198b9de14331c9c018afb52e7c6305ac88b13ed47277244c36fd39c1fd2be1ffda1217b7f883aab8cec91c380782011fe79ad1ea923d5cae5c95a4fc8f309e6dcd454011a663b4138f4a2958f79d5d7567d23a9d8f961b8c57d13fb186a2618bc510a8f270b19c8c82e7e6fc2be7ff165d08038071ef5da7ecafe258ed3c597f685fcafb64053719369720e401fad73c5daa234c4c25532f9b5d0faebc5770924d6f02132ab0065dc7e5503d306b9ff00135adcc2a848f22165cc6aa73cf6e8460718e3f4acfd2b58ff00849fc48f10877a438450a37024753bb3d7e9cd7a4f89fc2516aba545224b2db5ca28284ab60e3a0c293fad75db991f0573ce3c27f1b9bc316175a078a6ccea9e19b9468a592043be156ebbc01f32e0f5ebd2b81f12fecdb7cba7ca7c390ffc27de0a9f73dadc696e93ddd92b758a5889cb8e71f2e4ff00b3d2b6b55b786c669d6fe196d99182931ab0e78c60e31e9eb4df0978de3f01ce2eb46be16d700867885d6e46e1b80807a0e84f53dc563cb7d19a34a4accf24f879fb2eb787f59b8369a2ebf7b73338cc52691751be071b374b1a2281c7535eeffb28787bc5ff000c3e30f8893c4b689a5c7ac2e3ec292ee4b74853f74a0ff131f318923b93c702bdf3c09f1f67d5f4f0b7da6a4f731265e603cb19f4da338fe55cb2de5c788bc4f2788ee21f92df7476e813e5563cb1ff00d047e7438d9f3deefcc54e1185d25b9ebda7e86f2c13cd16638cca64dc3b927918fc4d61ea7a35dcb35c99a174400f45e31dfdbb0e2baed335503c3962cabb4ba2b951938c8c9ac0d63c5074c85ccea029242b01b81e99ce0fbd6b6b34cd396e8f9eff00681d36f2ebe08df78674d4df71aa5c0b290c1d6389f712e07e431ef5f37f823f647f889a2e8365f6ad14ebb6ae804535a3a09146380eb23019038fbdf857d85adb378821bc10e012d9b6f2400bbb3ce413d3f1c75aeb3c17f10eeb46f0d4f0de69e86ea3de5593a31ead8da48f7ebeb5525756664e31946cd1f0df833f602f15bebc678bc332e8b03b96336ab3449046323b23b923ae00c0afa534ab2f0d7ecf7e15bad0b469cdeebd74a5af7500814993a6325800067819ef52f8d7e3bea777657057508ede145690db851b8f6da70d9c60e7b11ed8e7c3359f8aba5dfcc1e50d3dcb64731921ba1cee6c9ebfdd6ef59cb708a8c168866b9a9bdedc4f7b70c1959b26491c32e09ff6463f5279ae37c41a4cb2e9e97b67299650d95dafb136ff007718e7d87e35d3d9adcf896ec5dddc0b63661fe48fcb0a1fb0273d0f5ef5d8ea9e1b0747492110048d3811cc403fa11f99ad2106919b95d9e2f36bb75736a9134a0cf1f58dce07d2bc4ff684b29af3c5b6b721420b8b75ce08c12320d7a7ebf72ba76accf0cfb8972aeae58107db3d471dbd2b8ff89303ebb75a64ec090a841cf3ce69a85e491d586afec64e7d91e77e1df0b799065933c75c515dddac4b636ea98f9bbf1457b31a09247ccd7cd2a4ea392658f175eef91c673cd6cfc0c8efbfe137b092cedcca227df2b3602469fc4cc4f0a307a9feb8ac6bed27edf764dd4a2d605f9dc9fbcab9ea7fba3dcf27b063c56a689afbcb710e9da5c53596911c82468e007ccb871fc7291cb1eb819c0edd493f24ad7bb3f79f677c34a9456e8fbb7e146856316bb7b72f28333776c856ff00757238e7bf27d0574de3ff00195be95035bc5fbd9241b40504e39c67e515e67f0d6cae354d1a0bfb113c17291f965ee236e9eca4e7f3aded33c3f7d75aa79fa844d31ce50c985cfd01c67f0c9af4f569591f934e3ece6e32e8538b4abebcb795a61f6a81c031a4c8588f5f9b391f4ae534ff0004d8da6b571757f68b3db29dcc9c9c1c8e83d7ebcf5e6bdf6c6ca782248adf4e8b81f31bb9bc81ff0001f95b3f8e2b2efbc15697daaab6a7aed96896d20dce96c80cce07657670a7a7276741f957b2762398c4f045869fafdd4163676e9a5a3e4a33216661d4e00f4f5e2bda755f08d8e85e109ee3c99e78add0cafb532c47760ab8faf0335cfe9da67862d20b54b1f144ec9716e041b1a3632818cba617e63d391c0cd7ac699acc171a788d43ba6c018cca470477e055c68dfe22b9edb1e21a27c4bb6d43c3d6c6d2784b220054b02476af31f8c3f17ef3c3d631b4d3da90ec57cb2f9f349fe103be71591fb487c1dd1fe19f8f2dbe25e8b03e9e84490defd98ed572e8c17701fc3b883cff0010535e29e08f87d2fed1bf11745bebdf35f4dd32026776c145cb0236f6dc7a13e82b9aa424e4a9a7a9ecd38d3749d6e8bfab1f5ffecffaad8f8bb438efadeda4689004795936c65c8cb2a9ee17a7d45763e26d374ad25e69a2db1ab8666118072debeffafd2a6d26f2c3c15a15b69d6b6e96f616e811422f007e15cbf88b5ab2f10cb315d62c96de31b0c5711ee6493b10c4fe9d6bd09534e363c473f79b47ccdfb45e9318b337d6d3db5bdf87258464ab4ebe8d9c03c0ef9e9d6bc6fc29a58b965b86852e59bf8c46a02fa1f53f9d7b97c68f87faa4d66972120d534f56124b736d20cc47b928c73b7dc138ac0d0f49d3acec6355cc6a3182eaca09f62c39e7d2b9d53b6e67291cdfd96facaf12ee7910c64800162a31f4e057a759eaeb7b611c6250368cae02f3c745e706b27548ec960f2ccbb723860791f4af2df14c2d685962bb7c393b4c6e581fcc7f5c51cae2ee1756303e24f88f4c97c43327d877c28f86409821bb907b13f434d9749d2f5ef0ec2f6c665910129163257d86e3cffdf593e95c9ebd6ed2489f6969739c6e63bb9aee7c256bbb4c501448806d387c1a9937169a2a2b9934fa9e63ac325b49e5972aead82b2a9475f62314557f88d7577a26b7241b83479ca2cc049b41f4dc0e3f0a2bda84d4a299f353a2a326ac5bd62ea29d8c48edf6756dde5c631bdba6e663d4fe181dbded787b4f7b822e656b7d3b4c8ced6bbb924fe08392cfeca3f11d6a3d3b486be914c704b7849c2c7129cb9f4f61ea4d6b2c16ed728b2dc5b6a3a8c6b9f2e3025b3b25c8ff00803f240dc4b292701642c0d7c7c136ee7f4b5471847917f5fd777f89f567ecd3e36b259520b7b7be16920291df6a72aaf9c475f2d7a9c73d0b11debe86d5bc3cf7c5a58aeae103ae59629042b8f5200f9b3eb815f25feceda2b1f154774c2692e71996eef1fcc99947007cdfead011b405008da4168987975f6569da8dbffabe252bce4c7904fe58fc4f35ecd2578ab9f91e6718c7132e5398d28358ba451c01b2db59e342b196f412c84963fecaa83d706b5c4f05ab4d28559649081219033221edb636270c3fdd04f6cd5ad56c5f51dcccdbb70da406c647a123271edf962b8fd5752b8d2310c40796a36e54631ea17d07e64faf35a3972ee7936b9d7697e2bb6b4bd7fdeda2cf9c3cc633e6103b313ce7d8f4f6abdaafc4a510044bc4c8ebb56bca658e330bbd949e54adc1c1ea7d3e95c0789fc35af6aee218b507b78b9de63e0b67dfb55f375122d7c7ef8a16d3f85b50b09ee8dcfda2365786471b5873dbdb8fd2bccbf656f8816be1ff000859689f6a5b4bc89cf9b8232e0b3609f5382b5d25dfc10b5922dd7938ba97bb483393e83db8fd2b1ae7e0a69c202f6ac2093076b46a14f04723f2a2eef737528a8389f42278fc08884bd8e5c2e079839cfa9acbf10f892d2eed0adcda595dc6e30c180009f4fa74af9dacec7c43e1abaf2a4bd6bcb74f94a4873c649e3f4fcab7df5ad435108af12c6385738073e87ffd75a731c8cd1d5ac6c63be7b8b3d3ee34dbb6605e5b6bf21493c624470d1827a0debcf4078a91e0b37b6f2d82c57470a62923316e3feced6c163d31b80e7f0ac27ba8f4b61e5c866910637ab9df083e8792633923041c74ebd6e5b4135ea6240001d1901d983cf2a0e53d7e43b4e07079acf9d5c126ccad463beb69da04467889cf92409c601fe18982938fef2315fad62dee936f3c6d2c31a4aaff00794feee4423dbfd5fe5eb5e811583c31ac726258f8c2311938e060fdc7c7a6dcfb03cd676bba9d959c721996425061d93e62a3d48e5b03d7e7c71d295cab1e25e25d361b74da63659f39daf1e19467b8c9c7d47e95774e965d36ccaa42cdd0b82e7818ec0d6bc9a64c276bb337daece46262994fca3dba1dadea3dbbd457f64b6c923468c72bcaa9c63dc66b9a7b9a474d4f1bf8c045d5d5adc47114272a49ff000a2a9fc55b960f6c24ddb771da5c73de8aeca5f02386b42f36ce9679ee2e644d3ad0ee9e4f91b69f9517ba2fa281f78f7e7b0e7463b8b6f0f47f63b4643748be74f74cbb96118c6f65fe273bb0a9d3e6009c17f3324de7fc23fa717503edd74a0ae7fe59c7d8fe3d71dc01dbef755f087c1cfe2ff16d8e96079a165135cf058b49e8dc720671f52e7bd7cfc1d9f99fbae3671a74dc9fc2bf1f3ff23e92fd97bc392ae8926bb79692c42500c1e7bee723180ee7f89cafb00a0e1401c0f6ab6d4bc89c870c1803f2ab0c2fbfd6ae5a6890f867448ac106428059cfae39ac579e075690e0b024703bfbfbd7a117cba1f92622a3ad51cdf53a4b6f14052232a7183d1bff00d59a65e2c1a9025864b7f111fcab949afa066c4722f1c12a7017ff00af55cead7316f78f888e768e4679adb9d3dce319ade84f6b26fb5919083ce3d3b81f80ac59fc47716402490996466e08e00156effc61240a524030065cf6c0ec2b12ef598ae62f30a6772614679eb59dd47e161ab278fc451dcdb48c25c4801f95bb565ddde974746986467233d2b2ee215762aa4293c9c7a7f9cd52bc502e09cb07e588c75e2ad5564d87dfdf430940c3cc62386ec71d8d634a64bc6648c148d810303a0f4a9afa5862b7123b0d88c0fe7c1fe9558ebf069d2210004c8ebea7a52751bdc7ca69695a424ca92ba069e3ecdfc43bf3dc1eb8fad6f436b6f16dc379381857271c7f749ff1ae064f895656176cbb81db8dd193f3a67be3b8ea3f1acdbef1c6a97d6d70b6322aa90595651f2ee1d0671d08cfe9e9429450599dd788b5fb5d1ed66779d645fe2b5940f98f4e3a7f9e95e673ea96dabdc2dc37da6055c801dc83173c648eabfed6323383c60571361e2cd56e8dd47aae99219033228321da3e80d5c5b0b97d8eaf80dca852531fef0fea31f9543aa5f23ea3e6d67c9d5a58ed14dacc80ef8d63cc7377e39c60f0769183c11dab4753d484b6e5d95ad4edff00584e141c74c7ff005b9f6a9ec74ab486dd5cb08dd47523a7b0fc7df83f5ac4f185b19220f15c79a854ee51e9ea07f4a22efb8b63cbfc7301b9785a262f013b9486cd158326b2d69a84f0b7dd5246013b49cf51f8515babad1193d753b0b4d3ef3c43ab232a79ccd2076191c8f4fc857da1fb20fc2dbcd3249f54d4a358480362e14b1f738fad7cf1f0efe185cea13a4ac879fd2befaf81be1d1a2783844a0161f78af735e6e1e0dbe667df67d98c6a7ee69bd097c5aa975208a27073dc0c9eb5c87d86467f224531c3c924703f1aed3558d23d50bba120139cf38f7acfd5e7df204b61fbec6ec90303eb5b3dee7c63394b88e1d3dd422283ebb72454722cb750f9b220b7b75c05dc7e6c7f4f5ad7bcfb1da5bbdc5ddc8338e5b0bb88f602b104af7570b737cb2010e1a18a5e154f6661ede954a56d0868cfbdd096f2350559637705cb0c7ca0f4aa6da2c733cf228c6170bf8f3fcaba46b86bf090c48ed0b1dd24a4738ffebd45228b78f74a3324ac4b01cedf41fc87e14fdd649c8dee82aa19d17931e467d7d2b3f54d363b780cd20e54f527dabb6bdb71324c1780a5403ea19867f219ae53c5964f7ca9045ca48e36e3fbc03104fb74a25a215ae797f88278e78af2d54970130e883e6c63208fc0e7f0af39f086b3a86b925d69d77109ae2dd8c591c375e0f5e41c83ebcf7af616f0ac7a5abcb3caef204c920f21506483f991587a6e856f3f8ba1bcb4f2d3ceb3579411d0862a73f97e9f4ae56ddae6d1499c2f892c63f06dcda5e6b96ee6dae09884e5c1319fe1c9c7e1cfe75d3e9d1aea312dc69f6e1a17c61c3020fb8cfe3d4d773abf8162f13e9af6b7d1f9dbc6d2adf7463a102bcc17c3faefc1bd4996356974894e55594b201e99ed53adae8a56d8d79f4148992558e4468ce5a4c65587e1d31565ec64990cde4c6ea3907ccc071eb9c75fcaba0d23c55a56b7a78f360f2276c946425c671d08fe9d7ebd6b32f6ee39017b72d1488db1d206cae71d79e0e7f0cfbd6b149eb7259cfdecf62e5f6cb2097eeb89170ccb8ee3a311f9fd6bcc3c6da8258db931b907380cad90add883ef8ef5dc6bf697a2ea46f253c8c1c82a1245cfd07f435e29f11f5349ed14472798e4ec75070dfe7fa81ef5d74e373093380fb4bea17733960242c495231de8aad6f026e203b330ea475a2ba9dee67a1fa95a17829345b54620018ec2bde7e1ce134348d15769ea73cd79c689aca6a7161634280756e45773e1dd44a4288640b0a9ff00571639fcab9a09743a64eeeec678e2d648559a004927e6da2b3b439249234b6f2a34918e0e1719f727a935dc4f6f0ddc4ae62c27666ff3cd7297da7cf6b7ef72a994553c1e335cd35c92e62a3ef2b18daaf87a582e7792a483bb23a7f9f7ac1974793c47a943640341a7a3092e243c35c63b7b2ff3fe7ddd93a2d9fda350915cbffcb30000a3d3dcd374f413bcf72b1ac71312158ff163a0fa53e55269a15ec509f4458edf11a85c740bc71ed587af6968b1aa8c3b28390bc64e3ffd75d84d2b18402a5c91c1039ff26b0d67498ef58c4922c8cb83d38ebfd3f3ad24e3b2215cc39ac50296cfcca99391c03591acc51592dbaa0ca09720e324a2825bf9115d0ea7391ba2863deac373b038078ce07e43f3ae7e5996c2fa36bb8b645391146adc63d7fad4ba8b641ca701ac69375abeb0d1a1f26360e8703393cb13f8ed03f135c178db4fd4bc337a35ad2186220609536fde0412bfa9cfaf245767f15fe2343a1695aacba443bb53840547e369dcc3701efb47f3acab9f1be97ab7866c6695d0c77a85e52884859590381f80e2b8a6d747a9bc53eda1bde17f16d978874bfb7c6fe5c8a763472704370083e9d7af43cd3357d423d56d5e1bab5df190564571f813fe7d0fb67ceeff00c337368b15ee933f9579e62bf971e42b64107db18e39f5aeb7489ae356b540ee6de6500c91b0c14ec78f4ea3b11c6292a8de853825a9c24da0c9a35cccd6ebfe82b271b08253fcfa7b714f92db25da1631cbfc4579423fbc474c7af60715de0d152e51a1937c4f21c170011ebd7bfd38acdd77486d1acb7c81617e8b220dcbf5c1e4575528b918ce48e07c47ac247a5b37999b844db25b375c7aaff87e55f26f8d7505d4f5f91a2f9595f071c06f7c1e87a6457ad7c61f131818c85436dc2b797264c6718c861d01ed9cfa1078af1182d65d52f102c85fcc3847c723d88eddfbfd2bd2846c8e472beaceabc33a5c6f09f3200c00fbce31f8515bd6167fd936314284492632f211824d15df0c3ab7bdb9e154c6cf9dfb3d8fd31d2ac52cb4b48500f98726ba5d2e2362f0856c961c654714515e3c763e999d8d8de379c9112701412c072df8d6ddfd9acb665570188232c3345149eb160b73cc354916ca68ed402d24adb5589e067bfe46b6e7d4e1b5921b444603695070380ab93dfbd14561499a4d197ab5fdc8b13730388c3158d1586704f73f9d68e91a424368eb2319047b870719f5a28add2d4c8ada8a5b59459f27381b3f0c127ff41af03f8d7e20bbd4b4ebb8c49e4dbc0b1ba85ebce4ff004a28ae0c436958de924dea7130d9c3a9d85b4b32ef49e247656e70767207e191f8d4de10f06c76505bda39496da4dd20465ce197907f238a28ae3ea6cf45a1dde9de1b8a2791d42f96ceabb4e7e4ec315d0ddf86ad63579cc6bbe200b05e33d89068a2bbe94533964ddca7ace9b6b696c76a379520c0c1c32b75041fc2bc37e2ef8a6eadfc3d748b21fb440763b9030e08c838f51fd3f228af4e29591cb267c6de21d527d62e24924c09ca3799cfcb22e71cfbfbf7addf026890d8e9a750204921042061908b920f1ebd7d68a2bba8a4e5a9e66364e34b437ef0c898248671c1dc4fa514515e81e13dcfffd9, 5, 3),
(5, 'Lucky', 0xffd8ffe000104a46494600010101012c012c0000ffdb004300080606070605080707070909080a0c140d0c0b0b0c1912130f141d1a1f1e1d1a1c1c20242e2720222c231c1c2837292c30313434341f27393d38323c2e333432ffdb0043010909090c0b0c180d0d1832211c213232323232323232323232323232323232323232323232323232323232323232323232323232323232323232323232323232ffc00011080096009603012200021101031101ffc4001f0000010501010101010100000000000000000102030405060708090a0bffc400b5100002010303020403050504040000017d01020300041105122131410613516107227114328191a1082342b1c11552d1f02433627282090a161718191a25262728292a3435363738393a434445464748494a535455565758595a636465666768696a737475767778797a838485868788898a92939495969798999aa2a3a4a5a6a7a8a9aab2b3b4b5b6b7b8b9bac2c3c4c5c6c7c8c9cad2d3d4d5d6d7d8d9dae1e2e3e4e5e6e7e8e9eaf1f2f3f4f5f6f7f8f9faffc4001f0100030101010101010101010000000000000102030405060708090a0bffc400b51100020102040403040705040400010277000102031104052131061241510761711322328108144291a1b1c109233352f0156272d10a162434e125f11718191a262728292a35363738393a434445464748494a535455565758595a636465666768696a737475767778797a82838485868788898a92939495969798999aa2a3a4a5a6a7a8a9aab2b3b4b5b6b7b8b9bac2c3c4c5c6c7c8c9cad2d3d4d5d6d7d8d9dae2e3e4e5e6e7e8e9eaf2f3f4f5f6f7f8f9faffda000c03010002110311003f00ee2929690d6a4852d36b2f5dd72d742d364bbb9915428e013d4fa500684f751400976031ea6a48dd658c3a10548c822bc4ed3c5f73e22f1079d27eeed950a988375af45f081d41b303a3f9246e88b7a7a66a6e8763a834dc54f25adcc79dd11e064e2ab9f7a602638a61a7134c26988434c34a4d349a0061a6eea534c3400bbe937d46c69b480977d26ea8b34ecd0029345251401b19a298a78a7160aa589c01d6a9099435ad5ed744d326bebb902c718cfb93e82bc0b54d5355f1beb5b8eff2d9b6c308e8a3fc6b67e217885bc47aeae9b68e5ad2ddf69dbc867e95eb9f0dbc011e8da725e5f411bdc48032ab27283ebeb53277762a28c0f067c2cb6d3122bcd4598dc752a0fca07bd7753ea2f651186d7cb541d9546063b56d6a3776f670e36a20c73cff003ae2357d7f4cb663e64a413ea7a9a82ac5a3e239d4e24b86e1882a7b0aa371e22774622788e4e3eef6c5723ae7896dcc24884aaaf195c1c7bfb8ac7b8bddd6ab3dbdca9c2676f5cf1cff003a39acc76d0f403ad98904ceebb147208cf6ad94bdfb4c2b208d36edc7cbd735e37a76a379a8e136b144fe23d076e7d6ba5d2358bad3e7759989881e1874ff00f575a1cc4a27a3bdb86863920fde023e7c1fbbcd56d5e092cb4e1742291e30ebe63a1076af393fa573da6ebd34774fb0b2c65865318e7fa8aeae0ba02257e25573965ce473ed47307298371e3ef0aac11c51a3b02799c703e833c9ab70cd0dd44b35bb8789c6508f4af29f8b1e181a4ea11ea1660fd9263d149211ab2bc31e30bcd1d5232e5a071901b900f7aa8be8c967b6321a8ca9ae4ecbe22db3cab1de5b940dd2443906bafb7b8b7bd844b048aea476ab689b90eda754ac98a6edc5218ca297145006a815c97c44f11ff60f8799627c5ddcfeee203afb9aec16bc13c77a94dae78adf8221b73e5c6bdb8eb4376416d4b1f0d7463a8f8a2d44a824553e6481867debe80d5f5e86c22d8920122afc9f300178ea6bcafe1d241a725d5cb03e7a445b7f45518e99f5ac0d5b52d4f54bff0032da069e49559d3cce238901c6e3ebce6a15ba97af43a2f157896e6e44b15bb3dc4be5ee0c1ba77e063eb5e397375773dc31b89e4639e03b1fd2bd0a2d3648346bcd4e4f12dbcf7b68536597904072e71c1247039e4038ae735286d35a861bb842c32a9d932e7a719078ea3dfde9cbb08ab6d7cf158ba4d970548c67b0a9bed30dc6828bf719731a11c13ce79f5acf6b3b90c76ac8b19385ca9c9a65a5a4f15d235cc52ac40e431538fc2a1ab8d3352d755beb0b7f2627c48c338c718aebb4bd6e096dfc99ad10b38cb3678e98ae735bfb3da436d2429e62c873e68e73ed58d7d2cff308dc3a8c1f93a1f7a3947cc7b0e82f0dc4ed0b4a0c6df708190a7debbad1e2708d108d4b0e32c3f5af9ffc25e22921ba48195828eac3919f7af6ed3f539208239e6e6272034b1f4c1f51eb49aea34ee5fd7fc396dac68571617206d752533fc2dec6be60bbb396c1aeeca656596d2e0a91edfe40afaf83c32449b086c9efd3ebc57cfbf1674d8ec3c6d78638ca25e5b24bd782c1b04d38b259c17ef5a242ac460f0335de784f5c9b4d55df21310fbca4f6ae3ade32d00c73dab7ac63fdc60f718fa56c8ccf62b5bb86fed5678181461da9cd5c1fc3cfb43ddde296fdca2f209e873c63f5aeede90c61345368a00d853cd7977887c07ab26bb2dde97025ddb4ee5f6ef0ad193c91cfe95e9a1b141b858d4bb1c28ea71430392d2f44bdd33c333c17781712826489082a8bd867b93deb929ee2079d6de52d00841113c67a277c8ee2bd4f569153489546e136c2c4743f9d78e2c12dc5ec8f263c84f998b7f2a23b0de9a979f4bb03fe952dcbc919046dd9b770acfbc99a4096da5d9469c61720281f4f5a9258ee75146f2e4f26218da03026ba4d1b4389a32af2f92a33cc8dcb7aff009f6a141740737d4c7b7b0b7d0b499b53d5e417f74b8f22d89203b13d1477ff00eb5769e22b7f0ec7a5431afcd737b2a5b4168aa0fef080483dc019e4d655c78874ad1648e04bcfb44d03ef8f0b908e09c104fae6a68e186fb4ab5d4278cc925a5c1b8f32d64292c4cdf7b2476e6aecb6445fb9e757369034b269cd23471312506725187057eb9fceb227d16e629d12725779c6e5fe2aed358d0217124b0dc481657f32379305838f5fad25bb8bed3e4867531cc060b0fe13d98566e2cb4d1cfae8173a5406ea68efededc38569cc2447cf4cb76cd759a778b174cb65b6690b2c9d0b3ee8dd7d33d8fbd642df6b0967a868f7973886f1d3cd603e4b855e548c8ed5cc4b6efe6cd656ff00bc881cc654e761fad45d6c5b4d6bd0fa13c31e218a787c9f394201c02dc30ffeb66b8ef8c6d6573fd97749264a4cd1391fdd61cd72be0bd5e5fb77d9a539653cf1c8ec6ad7c58b9de2c608432a1e645cff0010e2b34ed2b14f55739ab18d555d491c7157e094428ca4fdee3154ec449338b854c2b0c13e8c3a835afa4e9c354d46349084854e5cfa0ae8be8616d4ef7c0da71b4d164b97043dcbee191fc23a7f5ade93ad4825862b78a284011aa85503b0a8246cd219193cd1499cd1401aa69522590957fba013d7d2901a716db1c8064165238a4c68e23c49abcaf77240b26dc1c125b1b07ad60c9f65585e04777771977380b9fa75350f8826961d7ff7ea4a6eea4f15ca5f6a0e25670c5543638e45119248725a9d1c5750692249676015941040c922a6b0fed0f14dea83722c74d539db908d20ef5c943336ab79123b7eec125b1c671d2bb8d12ea1862dd2c4d70b0e766ce57273ce0f1d3a7734ee23a8874ef0f6976c90ae996eeee08de57749d3079f7ac2bafb37862f45c59338b2b8936cd0b12c8a0f7cf6e71c66aeea9a8692b6e96f0968aedf0ccf9dbb001d3f13c5727abea2f7500b6989550c41ee41c75fcf14db1245fd6328fb10e149dca42918ef8e6b274e918c9b97ef2f0c01ea2991dc3dee8a8081e64202313267907b7e34963b84a5dc725b90780deb45ee162e25db3a4f6c195bc97c6d73d8d605e5c4914a5d981775c2246477f5abd71f2eace23c9f3543020e39e956343d322b779f50bb889f2f3b4139dbef59c9d8b8ab9b1f0d3c2b7926a72dcba81818d87f8ab7fc75e1c56881215976e0a91f303d8839cf15dcf816d95bc3d0ea2b13c0d32ee008e48350f89ac5b518bc9471e613c67803f1358bee696e8786db433585c95688986e30bb829c2b7407f1aee60d2d3428d064966504b6dee7daba3d0b41961d6618654e15327a115a3e20b7105d9701582fca16a2526d58a49277332d431814bf5233d2a73d314d453e5838a7056f4aec5b1cc201451b5b345006929a770460f434d029d83f4a00f3df1db471bc48ca07b918af3ad42d2312caab22f94e437ca0b76af64f116991ead0c8bb4178c60fa9e2bc9aeeda6d363704128adc71c8acee968696bab956c56384338ddb7eefcd53a5fcb6f70ac246d80e5573f2eeff00f55663cea55a457655273f5a8833e090c4679c034f9893a59aff0075cfdb5e51e610300f18c76c7a75acd9e66b856941272db8a8ec73dab3a366209924cb1ee79356626628c158851d0e7a517027d0a6e668ce0b649da7b735d045729f629600a248651903a9471d187f23ea09ae2239258ae5ee430f94ed231d456fc77c52dd4c0bb4821481dbd7f9d34c09229e37bd5dc4e2dd3731f7eb9af45f037871354b13717a18acd26ff2fa003b579d78734c1a96ade5cb90a0ee93073f857bbe8b736f65690db42bf3118005672772e2ac8ea92486cecfca882850a155474158a7f7b2bcb73190abc065ef53b5d42e9b0fdeefbb18ac6d435586d97ecd02a4d70dd1158027f5c5432922fdb5f2ade4d34242c71ae09c8cfe3552ce48b5d6304aeca1d98f0319fc6b3eded2eae82db974019b32b4792067f9d74f6ba3430ba1b50dc0c176eff4f4ac1cb535b18b1e83756c1e30e24452769f6f4aad22b44d865c7d6bbeb647b7c148d76818258d62eb7af5a3dc2c5059c373718fbf2212abf8d6d0ab65a994a9dde872fba8a73585edddc334722fb848f0a3e9456caac4cfd9b34b653c2d14b5a1066dde9f2cd14d2db12b303865cf0c2b80d4bc3ba86b172d0184c299f999ff005c57aa5b4b1c32b2ca76abf73fd6a8ebb7f676703bb4b128f52d59cd6869167857897414b19e2b5849666215547ebc556bcd02eadc2e232df28240eb5d6d8cf0ea7e2792f19b7460f971e7b0f5e7d6ba5d52d2ce22250544800c023359dda2ec99e34c8f0eedea571ea2880b242ee53af3835d74f696da86a51dbc92048b3b9b1fdef4fa558d5b41296de5d9a798adc96c7228e60e43909137c0a8911f9b96c0a625b5d47b42f9ad9232b8e0d76b65e18244666326ddbf311f5aeab4bd12d606f9e2c60e43bff234738721cf7823c2775760cb3f9901dc318c65bf0f5af478ac92c0b2234a411fc4318f6a866d56d74f8565760ac830a028cb7b5654daaeadae0db6968208f2434b3f271ea295c1219ab6ad2f9a2cb4f0cd707ef155242fd73c0fc69da078665bab832c8e4ee399a6cf53e8315ada1f85a46204f234aa4e64909c64fa0aefa0d3e2b4b5585544647ca157d2b19be6348fba41a7d8c5611ac31db808a3ef62b4dae1228c968c84033c62b3aef5286c213e61dbb78ce783f5f6af3fd73c4b77aaacb6da7ef86120edb9438dbf81ed59dcab366d788bc6f6f661a18a5c127696504fe1814ed13489b52956eee51e2880dc13a16cfa8acbf07f81e290c7a8deeeb898956df2ff00111d1abd52ded7ca40aaa0606055c63764ca492295be9a1106d1b01f41c9a2b5c600e48a2b7e531e6679e6ce2936d4d8a4c735d17331a173c11c561ebbe16b4d5a162c996feee700d6f8a70a3460b43ca62f053c339686674653c2e338fad5a6f065e5eccaf2ea32004636a0c63f1aeabc4fa35cdd5b9b9d358add28f9901c0907f8d79a49e26f1169b2b46f21565e0892319158cb4344cf41d17c0da558a19dd5e49bbb31fd6ba0934ed3e383e58d17008031d335e75a678f6fda022e2d58e7e5dc0f5ad6b7d7f56d517641a64fb9cf048c0c7afb54e856a6d5d9b5b242481807270338ae72e753bcba9ca5bed8e26fe26385c569daf84b5cbf9905d4a2142493839c7e15d7e95f0fac603bee9de7e412adc2fe559b2d58e1b4bf0db6a37208492e64e85f0762fe26bd0349f0808a3592f09380728385ff00ebd7448da769319e638531d3815897be3012ccd6fa65b3ddb2f52385cfa66b3724b7634a4f646e15b7b5814222aec1d3d2b9dd4b5f733182c21371337df71f753f1a81ad6fb531bf5273b4ff00cb08b201fa9ef5a305b476d0ac6220aa3b2f4c543937b1a28a5b9cedd69f7775233dec85f272541c28e3f5aa7a368cdab6b8d042823d2ed796703995fd33eddeb675291efee0e9366cc64947ef1d41f907a9fe95d3e9ba7c3a759476b6ca1182e3919c9eb934e2aec24ec8bf042b040a9b7d00005599648e18cbc8e1554649271556eae6db4d81eea76da00e4e7ad79778975ebbf134ad671c8d6fa6804b60e1a6f6fa56b29a868b7318c1cf57b16bc4df13255bc36da02a4e233fbc98fddcfa0f5a2b9c8343796358ad93c88533ca8ebfe79a2b1b37bb37d16891dcd21a7e29315e91c0479c5381a4614d14c0b76d6e6e24db818f526b1f5bd2ad6e27f23ece8e3192768c9fceba5d2158ac8c06001c9c5557843df1249e4f233c9a24b41a663e97e1c81c80610141184d839fc6ba6b7d2e3b6049454c73f4ab31f956908320c8ff006463158979a9497f2982d8b14e8c4f7fa5653b24546ed9a771a9da5b7caabe6499ce147359afaa5fdd96440115b8f97a8a9adb4b55c99012ddf072456ac1642150bb1463b0ae59f333a236460c3e1dfb64c26d41e46c7f013d6b6e1b48608f104291a8e3056af6d048272587a5359c22edcf51c0159a8a453936566f2e31b54907d4f26b2b53bd6b4854a8de641b42f7cd4b7f76d6eb9ebb87ca01a8345d3e6bbba17f748d95e62561ce4f7a12b8f62de95a4c3691bcd70a45c4c4195d4f3ecbc56c3dcc1a65bb492fc99e809c9a925c5a43e67de61cf4ef5c9de5e4f3ce65918e149f2d58f7f535a5f9345b99a5cfabd8c6f10ea575a95e344e4a40064a67048f4acdb7b469c346a3622b0e87207b67deacdc3bc992db4bb903eef3f9d6a69b6ad144cec0e58e49f5acf635f2268563b78d502f0074518a2a4923270f9c6ef5145176161334b4515e99c02114cc0cd145007496bb6df482ca325866b2ed0032cb752659b38001e051453608c9d475396f6e8c11e54138049e98ad8d36cd608942e0ed1924f5268a2b9e5b9aad8db8e211215070c41248a9d14310c7f8bb7a514566cae832460a318e7b73597348dcb1e841fd28a2b091b416843a7da8d4af0cb3731c79dab5d2ac6231c01c5145694d7bb732acdf358c5bdb9325c142080bdf35877c864559010a32cbc514564b7b9b6c9230edc42da83c6cacccbc8626ba58e38f60dcbd7a0145141446e1e3ca86e868a28a97b8d1ffd9, 4, 3);
INSERT INTO `pet` (`petId`, `petName`, `petPhoto`, `breedId`, `ownerId`) VALUES
(6, 'Tony', 0xffd8ffe000104a46494600010100000100010000fffe003c43524541544f523a2067642d6a7065672076312e3020287573696e6720494a47204a50454720763632292c207175616c697479203d203130300affdb00430001010101010101010101010101010101010101010101010101010101010101010101010101010101010101010101010101010101010101010101010101010101ffdb00430101010101010101010101010101010101010101010101010101010101010101010101010101010101010101010101010101010101010101010101010101010101ffc00011080096009603012200021101031101ffc4001f0000010501010101010100000000000000000102030405060708090a0bffc400b5100002010303020403050504040000017d01020300041105122131410613516107227114328191a1082342b1c11552d1f02433627282090a161718191a25262728292a3435363738393a434445464748494a535455565758595a636465666768696a737475767778797a838485868788898a92939495969798999aa2a3a4a5a6a7a8a9aab2b3b4b5b6b7b8b9bac2c3c4c5c6c7c8c9cad2d3d4d5d6d7d8d9dae1e2e3e4e5e6e7e8e9eaf1f2f3f4f5f6f7f8f9faffc4001f0100030101010101010101010000000000000102030405060708090a0bffc400b51100020102040403040705040400010277000102031104052131061241510761711322328108144291a1b1c109233352f0156272d10a162434e125f11718191a262728292a35363738393a434445464748494a535455565758595a636465666768696a737475767778797a82838485868788898a92939495969798999aa2a3a4a5a6a7a8a9aab2b3b4b5b6b7b8b9bac2c3c4c5c6c7c8c9cad2d3d4d5d6d7d8d9dae2e3e4e5e6e7e8e9eaf2f3f4f5f6f7f8f9faffda000c03010002110311003f00fe26373038182bc11ce41c839e3f2e0e3d7eaa407e410149ea324eeeb8efdfa9191c0c7350038239e000339cf3838c76cf5193c63393cd4d6eb24ae96e8b248d2ba2aac4a1a40588fb8bb86e2324f2463939005459a77f77cf57b7e5b79017622c8aa083b792bf36ec6771ee49002af27a601ce073574390d903e5c01b8e3818c1cf6e9dfdc7e1f487c23fd973c7ff00177745e12b69cea4b1efb6b5bcb56ff4e2701a185eda4ba84392e91c2b34b0cf7371345690dacad32357d49e37ff00825a7ed1da17c1d87e33685e0af115ee99a76a29a378d3417d3a77b9f0ede2da0ba97538af3c94b7bcf0ecc925b1b7b9212e92e2ea2b268a5952674cefbe895da6f757f5dff0d58f95daf6d373f34f2adc0c0001cf4f63951d7b771ea7bd2870ad92db8f385edf5ede9ce3b81ef4b716cd6d349099626642158c4dbd09525490cc141048241190739071cd5471860141073cb8c60647f7b0464648e98edd2b4bf2adbb6dd74df5d7effbc45d4949e8319395cf7078eb9c7b1e9debe83fd9ebe0678bff00684f881a17c3ff0002e9d36a3ae6a970d1cf683880d84704b717534972a09b344b3b7bc964ba923921b18a092fee658218039f9fcd9c91d9c1752150276758a3c9f39a38da48de709c03089619222e09c4b148a546d38fed1bfe0dbcfd85f4cd2be12f8aff006bcf893611dddefc59bbd47c0df0cf4aba8c08ec7c13e1bbe96d3c53e23f3190389fc45e208e5d0ed9a178da3b0d0ef58b4b16a3b639ab539629a695f6bfaafcbaebf85cda851956a918455f557db6bdba9fcca7ed07fb3178b7e16f88350d3b44f06f89ef7c29a53dc4369e2b9ac1ed2d356834dba3a6deeb0d16c79aded6e35257789afded9edad25b58e580223decff00224d6d2da4e609be59147ce304101b94600804ab28dca718752aeb947527fd6235cfd9c7f665f1168f3681e27f863e16d7f4db98a0dda5dde92b716a7ecf2432db436c866821b78eda4b48a58cc26231b05c231672dfcfeffc1567fe08a3fb3ffc57f863e23f8b9fb24f83b4cf853f1afc1564fa84de0cd027baff008447e25e8ba65bb35ce86ba206bb8f4af182dac05bc3b79a425adaea579ff12ad62099ef6db55d3705888c6c9bb26d2bf5bbb2eba7e6fc8f4a793629c672a51e7708f33a6aee4e3a27cba6ad5f657bec9df43f872c0ea4fb007fba467071c0078edc60e29588caaf45e081d7d7e51c74f4ea7d7dfa8ff8437c46f25cc30e8da8b7d8e32f7b2cb6b2410d8c70ccf6d24f7d71308adec623700a3cd79241041954964491821c5bcd30d9b8596e2dae1fa17b2905d5b2153b4a9bd89c5b391904b5bcb34672089194a9ade528bb7aebb5d6bb7abecfc8f1ca81f61ebce720649c10319c7a91804e3d31dcd5c52cea0310339200ebedc9ce17a9e73cf6acedcbc6dc1f527aafe239eddb3edc0a9a27380376064e08c6d07b7de3c73c0ea33db154eee3b34f4d34d76f2ff2f3ec05e5c907e6181b4e33d791907a1e7193f4e6ae2397db9c719f7c019c0e7a0c01efc7154222395258f7395008c0e39cfcc3af3fd7a5840b9396c03d49e18f438e3b67f20060f5a4b992bb6add6f7bdf4f2df6f2034a3646e0374e7919383cf618c1efce7f2e25c823018630546727393bb38e83279ff77db93490ec236e07d39c803a1c9009c7f2e463a4b1b6ff00bc413c9180a0fa608248e3b1f6e7db44efaa025393c8dbfd0e3b81db3fe7a515030718e14120e79cf7e318e9f8feb4500787a8cede873dcf7391c0c75e71d39f6ee3eaafd9b7e0c78bbe2c6b93c3e18b34b6b2d3446dacf88e5b6b375d32192458a35173a995b0b012cec91a5ecd736d2ab922c96f2e43d9afcb3691c9733456d002f34b22a229207ccf803e66214282df3313b53259885c9afeb2bfe0983fb2bf816efc21e05d3fc7914daaea36da459f8a6ebc1fa5690ba8d84175e21f3ae6dbc47e2cd4ee678b4a92e2e2c5fec9a1e9fb6ea5974f8e6d66ca51a75f433a6151aa692d75beef4e9bec5c23cd24bfabdfa9fa1dff0004c6ff00827faf86b49d27e2278ef52f12dc456f3efb1b4bed7135e5d5ae2d96de2578e2fec5b348ade29639235974fbabc9a54135b30b9b196eaddbf5a7f6dafda8f4bfd8cff67fd2efbc0fe1bb95d7be22f8bf4bf08c2fe16d0f48d5b51d03469ada79b58d56df4bbf96dedef6648a14d322dc2431cda8db48639172d56346f10fc3cf84de05b2d23c396b0e916fa45b7951ad98b4b2081d98c8c61b331452e4b49279130b853283bd199a42bf0b7c52f18f88bf6b8d7b4bf865a45cd888b40d45b587b948049a8a26f86095a06fbf1bde5bac68121da988dde5c3471a1f83e26e2cc2e554e585c3bfae66b5e2e183c0d394e13ad51b8c5a95482bd38a577ceacf46a2f9b6fd03867866a6635a9e2316bea99650942a62b1b529c6a2a34d38be6f6538ca152f2e5b45e926f9651b5eff00caff00c5cff82727c5bf8f5f1cfc59e28f855a247a0f843e21f8bf5af10e927c5b61a47844e9d1eb1aade5fdc5a47a568d2de35c5bda79d37912dbd8db830c32136ea156493a08ff00e08d97de1dd3a64f1afc7df0a0d59ae60b7f2bc27e1dd635cd3adc95b48e7b43aa6a3268705dea1fda1298e18aca2b8b730428e6e5bed40c5fd60fc77f847e17fd9f34ed1f4c82e845aaea7a74d77e2af10cf96bf92192ca4687c3fa247193326fb786e2f6ededdbcc748dedb1e4e52bf20b4ff15d8f88bc7be298b4e5d4effc21e10d51ecad74b0ac9135fac315c41ad5a2327da45c3ce6422395597ed11c5bdcac7220fc8789bc50e31ca7112ca9acbb098bbc1d6ab4a84ab7d52128c2a46945d6757dbd5853fe2d5e554e334e9c29cdfef5fea3c31e19709e754e799c638fc460a8c39d46a5674d62df3fb3b7eee34d52552a5950873a94a2f9e528737b33f39f54ff008258785ef6f6c342d13e245edc5ec56ba7bdac77be1c16b0fd9228adf293797a833c0f7704c2670601235ebdc998e65f357faf7fd853c3365f017f65bf83bf0634eb992e17c0de169ad1e5949576bbd4b57d5fc417a853968e34bcd5258c0e0ac6aa1b2e0e7f1f2c3e24341e294d426d392def15228912eade3491e38647118c989db69432cb0c6ca7cc758c2b9425cfe97fc0df8aba2ebb6763325da27996e9bad10057925cc88d732b9625c08c3aed09872e8cce1b05f97827c51cdf1999d5c1e7b98ac5d39ca4b0d29d0c3e1d5369c16bece9c1ca6ddaf16df2a6ec9dcdb8abc3ecaf2ec1d1c4e5794fd49aa715889c2bd7c47b46d5d59cea4a118db6714b9f91b6dd99fa4fa3dc1f14c7e64f706d2392331c6f3c9144cc8064bc6ab74aea0e55b7b42ec432f07358979f0b3538e7bfb9d235cb5d6d26559934c86e6d56e5194a98c46d2cae8cc08e58db02c31b155f0d5e2b6115fcb70f258eb12c4b713116ca242c5e39033f9637c534307931a33c788c3073c18e426593ad3aad81f0cf89aead2ef587bff0a5c41f686d3f51fb2cfa8dcac9096b39257795516ed25478599a25749115308cd2a7eff84c7d3c5528cba72b6a4a575271d6eacbf96efadfa763f29787c5d1c5a8612aa8c6a4e1074fd8f3c6319ce0a1193728cb5938abc2576ef6ea97f0c7ff00056ff813f1c3e18fed5df16bc3f69e02b8d2be1addf893fe130f0bff0063685f63d1b1e2bb48b5dbb7b88d634b4d4357b6bdd46f2c9ae0c3777d676b14560b3c56c896b6df8f77161af23cb1ea1631a142432cd269f692a38ca862b1496d28653b94070c17a152738ff455fdb97e18fc58f1c68443f873c09f19be15c9a3470f8a3e157c5db2964b66b69ed48bcd57c21e38b4825f137827c406da595adf52d1a51608c1c6a1a7ea968ab691ff0010bfb6d7ec9de1ff00841ad6a5f11be0edf5f6a7f07751d73fb22f747d4247bfd7fe15f8b2e637bb5f046b9abdb59dbd9f8834cb88e2bc6f0978cedadecac75fb7d3b53d2ee60b1f13683ade956bede1b134ea7b89a728d96a9df4b5b4b24fd57de7c5e3b0b568d59ce50b46739cbdd4d45734af649ddc52becdb6b4577bbf811818b782c9b9703e491255cfbb465c1fc0f4e7da9b1ca54939e4923d7fcf23938cfd2aa0380c7b6320eecfae3ae483dbea3db05ea738e0a9c724e0641ec391f913f9577ab5f5f8ade76b79795fe679e69094f76073c72471d393edf4f4e3dee25c8f94120b0ce3a9c81927248e7db0413c7a5636e700e06473ce338e7a6e3f4079f5f4a977970080c147000cfe245165ccedf169bedd35f5b76606ec332bed0cf81c8c1ce4e7f99e09c807b671ce6d46d905495383b7773caeee73df0413efc124561a3edce58f04606001d307dc73f438e38e957639178cb9c64120823008e7a727079e7a1c75345d26ba277bfad93bfe5e5f3034b9c64e00e993962de84e7a77c600cf5f6a2a252ae3259c1cf519008ec475fc41e847bd151cefbc7f1eebfcfa7f90acbf5fcbfcbfabb385f87fa1cdacf89f438629e1814eb3a54265b8136c7b8b9bd896dad238e08a596e2e6e9d18450c4a64d91cb3bb4104335c43fda0fc35f8dde1afd92ad7e197ecd9e13b4d37c47f102f747d3fc5ff0017f5dd4e3d5ceaa3c41aee9d63fe8902689a76aa6d6686149ad2ddaf7cd5d320b21670bc71341337f1abf07f5282cbe26fc3ab8d51a2b7d1b4ef19f87e7d465b99122b74b69b55b38afe794c9f23486d06d11ed779520540870c4fee77c168b43f8d3fb60fc45d4fc44dacdfdc5978dfc657536a0babc765043a6c1e31d7757d25a494699241a7c0ba66a9690d8fd8b53599eccc56b24f751a4287caceabac360b1188738c234a94a6e4e518a5a2d5ca4d45277d5bdb73d3ca693af8ec3d15073756ac21cb1529369bbbb4629b93b2d15bd6cae7f4a96eb7ff001a34ad62e22d4aeb4fd0744d0e6d4b56bab98fcf592068a699a28e682d6d15da260ad09291ce88aa257dcae927d5bff04c5fd9c74f96dad7f685f10ed9751d526d72e3c3b1b09503e9664874982f64591cf13269b25d468a6585daf1a759194c78fe6d3f6a5ff828efc6cfd9721d4744f833a478525f00e8da6db1f189f155ddcea769aa5b5f99ed92ce0d59753b358af2eede296388c697f33ccf12269575119547ef17fc115ff6d8d63f6b8f84363aca698743d320d0859db68a208617d0efb4ab87d3f53d301b648a09edfc996d350d3ee12180dd6957961792416d3dccb6d1fe59c2797e1338cca9712d4a53ab25f59a1075251ab1fad2aaa74ab47f78dd3a74a8c1aa37a74e72956955b72b4dfe9fc4d8dc6e4b94d5c8215614de23ea9899a84b92aac1fb3e5a94a70e44e53ad56a52954e5ab38c234143e24f97ecefdb4fe0e5bf8c9ef7e2246d35fea1a7785efa0d0ec2142d1db6a1e45dcaf75d70d7d74af058a3b295485501476c86fc5ffd97fe1e7c3af84be0cf19fc50fda1fc45a5f85f5af17eab3c7e1ad17c517d67a75d88ac5dace202d5e44926babd9e3da22b58995a28f1bd23926afe9bb5ef073df69eb05d7ef6cd2266ba8a750f1b28cee7c1c11850ed9ebd79f9f8fe00bfe0b47f15fc71e1af8d1f15fc63a15b4b79a5f857c7f67e03b5b782e2f6287c3da24161693dbc91c9a55ee9fa958585df9915d341a7ea5a6b5e6a3aadedcdf5cdc5ba58c501c57c0d86c667785ce69387d671559e1a142b2e6c3fd6abc2508e22517529fb49c53b429bad4a2dda5ef3a71a73db8478d2be0f21ccb28c54aad3c0e1e961b1188c461a0beb4f0f86aaa51c1d1959aa30a93929d6a8e151b5071b25525287ec36a3f0a6cbc7b6fa978bfc217561acda09bed96973a7ddc372115dddd9048b234716cdc36286705e3dcbe62bc84d6f8716fadf8675385645bb844718120812530dbbc785c2b2c60ac5c218f72624daa01c224927c43fb057823e2d6b3e3df0e693f0dbc75716fa0788be1d9f1778a9ae5f5bd6fc35a12be87a3ea0d7ad3f88a3b7d65a4b7bed55746ba835d5372d74a6df4bbc8e3b4dd77f4c7c76b6fda43e15c716b5e0bf88afe29f0fdb4af3eb3159f876d349ba42ccc659d57fd377a46fb56dda46fdd32cf97696312c9fcff9ff000f54c83134b13848cf136ad898d59d3e4e5f6d86aee9544a32a8a49a95ff00873ad4bd9aa727555d457edd91673438870f1c04b1d85a74f15430d530d0c746bd1ab0a75e8f3d28ca74e855a4a4d592f68e949cdb4a1aabfeba7c1df1ce8da9dedbd8df6a105aea1226cb77bd0fb955da31b36e52562084322a3a9007ccc8410bfa67f06be1158f86bc1b0595fdf41af8b992e6e67bbb8b55d978b7521980b8866f3164639938202465d846aa8142ff002ebfb39fedb1703c69a1786be2c69d009a4bcb68a0d4a5b72b7722c8c9098a7bb96375794390c91c33ab42c52411952a57facaf84f3e95ac781f4ad4742bab89f4fbab28a5b75ba93cc7891a2051777b03951d5704121abf70f0ab89e79ed3af82af4e9c2ae0a10fdcb4e9d78c26a2af38394a3520dae5f69193d559ef73f1cf13f87715c33529548caa429625ae5ad0719d0aae9c9a5ecaac23169c5bbb525192524decd18bf173c3fa55f7c3ed6addfc3f69a92dbe973c705a3465a090244de5c532c6accd0060b98c2367962add2bfce17fe0a0de31f1d691fb56f8e74df1a5e5b3f823c65a36b9f0e753f09e85a46a565e12d0bc2d7370b268d3a8b8d3f4d866bcf0d78a2cf46f18c7776d67014d4b458a025229258e5ff493f12eac2cedef2c75127ece619558b8287041e159b1938f9be52081820f4c7f13bff05e0f867aedd6b43c67e17b2d275ff0e382daa85753aa69b72846d3796cfa958df32904bc573e5c90aed50d244be5897f636d52c5519251bce2e0d592b5ecb9975ecaf75dafdbf1f539d5c1d75394dba738cd49394949e8ecef7b7f3377e977b5d7f269247b095c8dc199783b94e095049006704704fb1e475708cb2804310b91d38cfae7a9ff00ebf5ab777e524f2aac09095623646cfb015620ecf35a57038ce1a490f2486c1daad07838006013c107a74c8ebfd735ec5d5aef4bebdedb2d3cbfccf348b0c3284f183fc3ed8eb9f419fa7d6a74070739071c632303b7ae38c83d0fae3ad0a0950c338ce3191d7d3a0249ce7f5a76e206de79c9c64039f4efc7f2c0a6f44dad7cbfcbf301f838c10dcf3918c0c81d47527a6460f23d8d4b1a9241e791c60e4f7fc303393c6e20f606a15de7206dc76edc1e739ced041ea48cf53f4b51ee5c639195e9f3640233c83dc71818e33d862a1b6d5d6aadef5f6bad7ba7fa3d3702d2b153c11d304b2e01f4ee082076e98e71de8a70954800281dce48183d30721b9f6eb452bad3dc7d3ff6dfbff5ff00b780f1c8679e66894bbbbc65361528b2070c0001f19241db8ce48201183cd7ef6fec27a85aeb3aa69de28d6f4f3ab5978e6f74fb0f1741736b05aeaeafa45a471ea317f6a5c44ccd6baa6a6b69796d035d6d36f32c6218499237fc44d07c3de1cd52d0a4bace996da909cfd9c5c6b70e89a66a1032442189750d4ed2e6e6caff00cfdc08d474bb4d2cc27ceb8d5ac9632adfd0b7ec1df08ee0fc17f0cf8812c27ba16fa95e5c2497973a578974ab8676b68dededb50d0353beb136f32c7e43b451493021e5916da6dd1a7cb717e0e7996513c153528baf5a9424e2d27cb0946a34f993528b74e31946d24f9ace32574fe9b84b1b0cbb39a58d9b8a587a35e717272569ca1ec538b8d9c671556528494a2e324a4a49ab9f457fc145ff00629f19fc70d2341f0c7c28f85de28bdf05f8834cd32eaca2f86de1796fe7d2eee1985c2bdc699656310b954ba329ba31c4d25ac8d1c8e1eda796f2d7fa27ff00821dfec63e21fd973f663f05687e3dd3ce83e25906bd73268d757167737da7e9fa8ea339b1b5bd9ec9e4b79ee174cb6d367b865b96f2ae2596005bc818b1f08be36dc59fc119ed468d64b65e14d2228f54d4562f2ad3c3f616ba7cf7929966dae1505bda3c3146ca6633cf6fbd7cb7778f77c19ff0534f80da0d84172de20b283c37a7e9ead3ebaf262cd23b78de2b9bcbc98a016d6c12259d6470eae846e318f318f9f92e5f84c829ca93cc66e9c9f3d3c2d4e4a187a529c30f194e307ace7c94610735254e2aefd9c6a4ea4e5f435a8671c6955cb2dc8ebe2abe168c615f17878d7c5e22708ceaba7ed6515254e329ba93d60ea4dc5bf692841463fb41ae69b6d268ba858da4d12bdf5b4b6624c17f24dd27945dd4162a1036fdc0e0153e95f873f1fbfe08b3e18f89df11352f8a3a37c4ad5fc27ae78ac58c1e3ad2ff00e118d27c5de10f162e968d0d86ad2699a95d584da66bf1592c163fdab63a942925adbc115dd9dd3410c89fa75fb3efed23e11f8c5e1bbcf16786a0bad47c3c2754b7f124963790697ad6fc93fd90d770c13dec108285aeece39ac4b4812deea6963b858be8997c5fa7ea56324715bcb038893e478ee2243b8b29d8f2c611b0632ceaa4ba218d9d177a67e871387c0e6b86547114a96270f351938bf7a12b34e324d754ecd4a2eef74ec7cc43139b70fe2ebe1e1ed30989a353d9e229ce9c79e128ab4a15215232b5949a9d39276d6338e9247e6c7c2cfd8abe117ecf1f0eb5cf06783edef0ea7e258224f12f8cafe6b3b8f13eb32429208a19648ada3d3b4fd32d8cb28b5d1b4eb3b7b084492cd224f7b3dcddcdf187c41fd8befbc5fe2bb032f887567f09e97e64ff00668e6b35bad42f8be374ca2382d2285a3dc8e52dcccea5d9a50d2b6efd44f1d6ad7b14b22c514b244aecbb2372ce791fc6ea81b8e325bee8040ae06cfc43e54ab1cf0bc40367e678a47077756542e463191d78c60700d78399f0ae479961a8e0f1382a4a8d08c61469c538d38c23253e4718b516a52b4a4dfbcddef2d657f472ee2aceb2ec455c5d0c65475ebf33a9527cb39f34e3c8e51935a354ef08a568c55ad15cb1b7e5d6bdff0004e7d3f54d5adf51d334fb4b0bc5b949209dedadbcc8083c3f9f0059b2b938018eef9918b2e0d7ebdfecd7e13f147c31f075978635ad663d4a3b18a358656e242070ab801555107cbb79e0fb0152d9eaf6d32abc7327cbf31040ddb80ce76b282a475fc4f4c115b11ea2c583ef60a392c5d93200c636e7691edc038ee4f1c993704e4b92e61fda582a73a38a7074a4e139469b849a6e0e0ad16ae95af1d2df37b66fc639d67397c72fc75655f0d4ea73d35552a9383baf7a339b94a2f4b351693beaac91e97e2f92d35186437481f284e7686c965231b7032b9c86046181c1c8c83fca4ffc170ff61ef893adf80358f8e7e1af15ea8be0ab081bedde188b73da5979c4664552cc6de1987991c9770c370515d2d5ed42ed98ff004db3f8962dcb0b32cc8ea14e240c14f424ae588c1ebc7e1c71e89aa7c3ff000a7c53f869a9783bc6da3da6b1a0eb96135adfd8ddaa4904f0c8ac885432b0468d595918721c060bdabedb92339c65249ca2f46f56b6d7cf6daffe67c646a38c6704df2cedcd67a3b34f66bcb7f975b9fe3d9a8dab5bdd4d03c463f2a47859991d0991090e1bcd3bf7a9186dc10eee4a202055218070339ef839073cf4e32327939e9d71d07eef7fc16b3fe09d17ff00b267c72b8d73c07a2cb1fc29f19b5dea7e1986d6cee8db68ab6ab035e69cd2c51dce36c93c9325d5f4b636a91878d32cd040bf83c54ab10c843a3e18019e57ae719e33df9f6ce6bae32d2f64a4b44b5db4ebd7befbdcccb299c1c647cdc03d4f18fc7a631d39c53a4518c83f30e00041ea30739e78ff003ec8d1346109c62545963ebf75b823af557564603f894e734f20803919c73d724107b738c74c9fa7a51cd26d6dbec9ad76d37fcf5d408a25604f652a413d724f41ebf5feb57a12766cda378eb8e318c639cf7da477e3af6aa719c1c609e7396ce79ea06719c01900723b55e8e3185707072776de78c0e7af519ce300e79ef52dbebd755f9dd6ba76fbc05642ac42ee8c601601813bbdc8c839ce4fbd153ed503279e9f33719ebd324e78c73dbf13450a4fa3d3a7f5fd7e20796f873c2fe24f124a90e85a06bdac166f97fb234cbbbd5257960f3c30bc36f1a7fcb4b8998471021d8119cff4b3ff0004e0d27c45a07c258f4ff17788b49f0ccba7cb7f1443fe125b3d4af74fb4db13456cba6f872ef52d42dddda46909bd86d7ed1279d2229f9b1fce9dd5d7c42d5218ae3c6be359fc396971123c29e22d52fe1d42eada440f0bc5e1cd26defbc43716b34473677d3e909a54c02aadfa20764fdc6ff82696a9e1cb7f02df68d79757fa808af1db48b1beb3b0d12eb5049a08ae5a74d26d27d5cc16d224d05ca6abab6a0d35e5bdcc129d126825b32dc799479e83eae12538b57d1a4afaad744deb6f9ad11d1859fb3ac9ad1c938df4ebeba74d3a5cfe9f3e0ffc52d07c33f03b43f085bdd699ad69fa8dcdedd788756d62dd6e6e350b8d424b9103cc9ba48db75b886dd2d6f655920b38312c704aaec9f96df177e087837e0feab3f8c3c3de25d274cf847adf896c6e75ef07ea0567d2bc3b6baccd6f1ebd1e897576ed0db58cba918f51b4b596585ec6e2f6486d2530f922dfabd23c7de32f0c168cac3fd97733c0ba7e896f00b6b5b449a736c2e63cac8f1cb298ae3eca19e473069971f68733cb6d70de43f1bfe1af89bf6a4d0a0f056957f7b63a6ddeb9a736bd646f5cda4d636d766e2e1a4648e6f3a229fbd58a485c19a28a3d857e71e056a74316a31ab1e69c547d9593535249256774a5193f79a7bb7777b9f77c2d9f663c3d8e788cbf19f53facd3950c5376951a94abc96b34e13e59527692a8a32947934b5ddffa0af819fb46f85359f0968ba2784ee24d374eb1d36ce2d374fd326d3a3b6369141180a93a48f09410969db639f316292455624bb7d15e1af8a325b4a88b25d6e7486496597566bc9a255b68543ca826682370b94b8445f264b84795c9918c95fcdefc03fd8e1fe16416ba378235cf1ef87f524bbb3334afe36d5f53b0b0d3aca36125bda699ab35d5a8f3edadf75ba451db05b386581976df48a3f4a7c09f0c7e30eafabdcc9adf8d6fadb4f8efb4e252d2ce1d325bab399f50bebfb3b9b8b633c13bbddb0b577b5fb379b62ad14af279afbbbe84f9524a94e0eead16d356b2d37bab5beca6ba5f5b1cd9c64d0a339d48e7381c5d371739ce13aded2f2e596f3a4a555b949eb74db8c9cbddb37fa1de22f8b11eb5a8c7a46953ff0069df872268e0746fb16ee124ba67daf997e710aab48f9cee4011807c763a94ea5c26666cb379ccc0f3d37054e467a1dddbd0d715e11f0ce8fe14c5b582069036647988699cb12cd24b232b3bb3b062e64627792dbb926bd860bab78018c150fb4360e08009ce54027186254e063f1ce36949d47672b2e9e4ecb6e9aff5d8f976a306a31bb496addacde96b2ecfb7eaca9a7192d0209c2a4a3682e267da7180400dcfdece1549fc78adf9f56b978991195502801861b3c7a91d0f39e3391cf7cf3b7170f331619299e7a72391c743d06381c73c1a856e25dde5aa161d4601ee464e31918e719cf4f7cd5ab4124df95deede9ae9d74d599b57ba6ddaf756f968dfaf4fd11d2e8714d717f186762cce0e00ca9c91f3023d7193ebdb835f6468ecd6da4c16e842110a8e70bd0019ee01e39efd73c0af99bc17a7012a5dcc0f18c06186c6474c807a76c7d3b8af78b6ba675540e0a0e8bdc9cf4c31553d7ef2b76cfae3a20ee96af7b37add7f48e6aea2b54ecf67d7b5b4ebe6fccfc73ff82e6fc0fd2be32fec89a95ade465f50d1f5fd26facc5abe9d0dfcee274530c57d75a6eab2c0848579e3b7b6596e15444678237776ff003dff001ffecffe3ff09de5df95e17d5e7b28e49333da58a5d470282db048f6979a83c45940606e8dbb953f3451f007fa98fed41f0fac7e257c20f17f872f22be75bbd2e7bab65b799a095af6c00bcb58d64824059259a14591049134b1b326e1b81afe34fc6de1d893c53a95b3da5adba4497b6e9696aeb76ca8bba196392169cac37919cee8e453e59cb302537b7e77c75c639bf08e2f015a86170b8bcb7194a49c6aaa90ab1c4529dea72d684ad1e6a52a6e09d39abb936af63f4fe02e0cc9b8cb059851c462b1984ccf05569ba7528ca94a8bc3d68254f9e8548f3546aac2af3b854a768f27bc9b68fe70f49f861e3cd607d8acfc2bae5dcaaf980c5a7cfe5091d777d9a4b978d2d51a500346a662cb2050c079cec3ac8bf676f8c12c68ebe0bd4515a468774cf6902ac801254bcf7080007203862ac43052cc315fbb5a47c28bdd5afe11a4cd1b4c8c3f71756eeb2cf1a2873e6472abcdf6994bab6c8e09422c64a362346381e27f0e6a9a35d4f0ea3a4dee8eb66f1a436af25d5bc53c68c419eea195079725cb1171b2268e4452ab1a18e4844df035fc65cfe7155b0793e590a0a5cb275a78aaef99bdb9e1530d14ecaf6e5bbd353f42c2f829c3aaa7b0c6e7999ceba87372d086130eac9dafc93a588934ddd5d49f5beb64bf0f754f805f14744b517ba8784f5796158fcff32c2dc5ea9889da2426dde57f2f702bbc46cb93c0f5e1ec7c2bafdfde7d86d747d4e4ba69154402ca633069195543a6cca9248550472d803938afdf1b1d5059c7656bab68d6974b71b9d9a5d315220084d923c9719898c48088832806428246f2848b5ec9fd97e118a3d3ee34cf0f6830df4d369897b7367a4dbc57b086d92dc8f3bcb1b9a388317600292182bec0a5ae878db8fa7464f1b9360ebd4768d2786c4d6c338bb25efd2ab1c4f3453bbbc2ac5356d137633c5f81781a988a70cbf38c7d0a4db753eb386a18b8b8effbaab46785e57cba5aa5393526afccb7fe782fbe10f8eb4d481ee7c39adc66e0168c2e9977307552caec852ddd76248ad1ee0d866560a480482bfba0fd9c75bf80be20f0bc1a578d3c1fa45eebb636514ea6e6c2ce36b5d3c3225bc6f2cb133b3dc79fe601b433f94ef2336d8f057e879671de1730c0e1b16f1397529578294e94f155213a53ba52a728fb195a51d535ccf56be5f98669c0988c063f118451c7ca346a72465ec294b9e3a5a6a5ed61752bdd5a36e89cb46ffceb2375d2e69351d4546a3e209d9a68a1bfcdda594ee7735f6ac931905f5f3926586c2e37c225025d4d268d4d8dc7d53fb217c69d73e1c7c5bd16fee75bbd361ab5ec7a7defdaa7bbba579752bd8ae27b878e4771239937cd239f99ee261e6b9867b9ddf2ac7679258e4b392d96e4b39e4939f7eb8f6eb5d5785246d275ed1f522873a76a3617698926881fb2dd4339cb432472007cbfbc1c30e30d818afd22494a0e324b5d34b7976bd9bfbb43f3c4dc5a69bbadb5f4d7d74fccfed5fc089a3f8cf4bb6d6ad6ee39e39da37819c2b3b47656ff0067b391f785024f2c17906dc3ccd2301f78d6c68d16a7e0ad5a49f4a825b8b79b890f2eaa231b95a2382249171b624cf97d1320c8cc3c3ff644d365d5be1a6866f2e925920b4b7492e50a42259153cb963b5b785e42b6c8857cb79245dc88047184c05fbfbc3be04fb62c645ef9a00047da019d9b711b4ed21a2054fcca65740004e4357ce55a33e64e9c5c1a93f79349a4ad14d7cacedaef6eb63d7a35928ae677e68a7c8d3b74d2eb6f5f3f23a1f037c43fb3f99ac6a362925ddcc70e9d2dacf11dd741b2249a4f90ab921e5b7c6e0d2235c79616385d1fe8ad2be29b69b6c906996d29835157955ca3192d038658562002891d5cca55d97032a172ce0360785be12ace6292e1a2f2e2546c08546c4380d201858cb9030aa8a17015146c001f7ed33e15da3b5bdc4512bbdb0566dd83958d542afef370c94554da9b53e628d95760545d7564ed75d6c93ef27e6efd15bfcb494a13bbbbd97baeed26d2b6ad256dd9b1a26b569b06c0d35d492a19a6949631a8e64ced180ccc0f249da6424f208aed2d2fd262d190bba39362be49f95495084839e171c1f4c9ea4563e85e03bf5c79e7ecd16e97e551991c4877348ed8e5a462cd82c154b0cf041aebecfc2f3dbcb2958f7c67739e46586e1ca8e99c9c0e8486e9dc74a72f764e2d68e4ee9ee9ab68f5d6f739ad1bbf796914974d7456beddbfad4d18a19e658fca52ca14071df920e477e72dc7b7be2baad374f70c3ccb7738098caf53d41ddd0039e07a8c13d09b9a5e8b710c68d214507188f04e78c64b038c0e381d4f3ef5d8422481154e591c119da3e523eee4e3382075ea338ed5708b6f99b92bbbda51eca3677bedff00057432937a2715be9aefb6ebaede8bf3bfa4ab2ec8d4f9406170c30393cf208071e9fa7a7a669e644645310284641015813c7cdc0e9f403a8cf35c06950996505f210f53b72319e00f5cfe27f1c57a269f08521923ca8c104904718038232327b9e6bb21f0ad75ff0083ae9af731ab1e7bdb6d34eb7d3adeda7f57e957c4d6b717da748d1ae16353210c1b0c11492a1016edd300f38017826bf9a0ff008284fc0ebcd03e25587c41d163f23c3de2469aea6b78e48552d752b77115f5ac70a59dadda4825533b406fce239159628d54ecfea81553ec9b0c3192c870c506d5041193bb71e39e3078f7afc8bfdba7c19f6bf04f8a6ca082296ef4f95bc53a3c5058a5ef9ca11e2d66c8dacd209e6b59a0669ee23b722458c48f04795217e4b8e72d866dc398fc3ca2a752146a57c3b766d56a31751462decea4632824b594dc52ee7d7787f9b55c9f88f0588a727ece552187c4c5ca4a2e85692a729bb38eb4e72a7539b5b454adbb3f006ce69fc3d1daebf6e96926ab6f7769349e4b472471c30c8ac1ae51e0dfbd09187964c8318264950285fac7e28f833e19fc66f0c697e33875d5d23c4325858cbaf69b7cea915c5e471242d35bc5b0c52452c8adb60f39a48d963115999998c3f3cde7876d020beb4862b30db22b9b05769614270563b487cc1716f107cbfd925b72abcee2ad1ae293433dd69d2da0ba092db5c0f2ee52e3c811c51142638899148cce91a956478d562557c80ca3f96b2dc6d5c0d0c5e0eae16962f0d8c8c1ca855e78b8d5a3cee9d7a738a8ce9558a94937b493e4926b47fd3d9951a58faf83c650c554c26270b394557a718b5ec6b38a9d1ab49b94274d38a71b4b4bf32e5774fc23c5ff000c2e348d62e6eeee3bdbe8ed0b496f0c7b832c6a32b3413babdbaba8742d16d4b88d595598942058f03e877fadeaa2ef524974610403c8b5ba68e54b9b990a462e922489722381463cf9191dfeec6ef2035ef5e11975df1669fab6937b0fdb5b4c6f34df4e608cfd9b96089b9488bce52a163841c80a66f9c6d3d0e8969a78d5ad617d3c452d83f9922bc65639110657942919dc0ca11844c46582f96783e5d5c27b670ab4ef0849e909c651b4a3249c5494573256693b7bcd3eecf628e6f5308ab616af2d5ad4a16756854525c93a7170ab2a53d146adece0d392eaed6b6d7c32b04d3ac6ee7bcbab99b56bf9e7b9bb95249a1956269b65b40cb1e76a410450a2a06dabd40e782bbe92cec64bd9c4103dbc4d1c6c041ba352ca881f71c8f9b731182cccc1771c7028aa8e2e34af4e5ecdca12716efbd9c55f67bebadf5bdfbb3cbaea588a8eb7ef23ed2d2515349453e4f7629349456d14b44ad6d1267f0ed1e82d8c6d0b804e704f1d7070073fe02b42db469a378a50394746e50372a41e41fbc06318230467dc8babaddae48c118eed8e9dd400491ce73903208ad18bc4367c0ca91db0010ac472725703200182381e87a7f7aa8ab5acbe4ac7f147a6fd0fddcff827efed63a548345f879e2d966b4bf852d748b34b7b591e39edede0f2ed6e54c770a61486dd61b3b9222251618ee27791649d97fa34f02db58dc4167736b2adc165593f78ac510100abb280881f2063904638eb83fc1dfc30f886de19f16e8fac586a4b6177a75dc53c33492c6aabb5941554649577302554796ad920a92783fda77ec87f13adfe23fc3af096a8f24827bfd1ecee1da56657677886f902e1170c5721c8c92dc0e40af2b1518d36acb49bb2fb3aab3b6b77b37a37aad3a9d541b71716b58a4fe4ff0044edf79fa45e1511792bb9c3c8586fdbf73b8239273c90704b608c64e327dc7c3f0cad11da4060d92028dacbb576f00918057071827273935f3be856d279b0aa4af86193f31c1e87381fc2769c038ee4e335f44f8664963310c86076ab0ea369209cfaf71e9f5ae38c94e496cf6b7adaff003ff3edb744e2d536afbb8f4db54bbfa74fceebbd820c2869f69628369390a9dbae091cf3daaf5ba0d99655f9fe61dfe5ce785ebce01cf51ec39acfbd655659b9f248086319c601000da3b1e4f3d89ef92319b552d285590a28574c67920ed5007a638c0ec7d2b7e651ba77f7568b76fe7a5b4fcec62a4d696d96badfb765a24aff0091e8a9e595dd9076e320f032a381c1e79e38fa62a68b32c8be87b0071ee71ef8f6039c75ae1ed353677085c848cf63f79b39e4f46c81df81ef5d5e9fab428c14e14b30e46090c4fe7ce39fc8734a524d68fadbb3feba5f6ec127757eb75f2d2fa797eba9e95a6592948d597903771d30791bb38c0f4e0f402bbab0b4caa7cb8c9f94938538ec3006707d77027af5e7cff4bd5a1465cb16dc0a83d7713d001f9e3a7231eb5ec3a1c135dc68eb0b85206199180c74ce48cf18e4e3f0c752155a972d9c9becaf65a6fb7dedf544b8da3ccdab7e1f793ae8d13a6e932cc14725c841c7f7700918e31b947f2af8d3f6a3f8577fe22f09ea3a8e83189f54b0b5ba68204511c72a343209addb1e60649a37656f36360ac41c95c83f7e41a746632242074ca9dfc7e1ff007ce783c639ea6b9af10e849716b22151246caca579dac082395395ce09e8323a838c56989c2c319879d09f328cd6928e928cadeece36fb516eeba5d6cd1585c5cf058986229a53e592e784be1942e9ca2f5da4bdd76b34ad6bb4adfc82dee81ac457d7769a8e891d8cb15ddc432886c64b757412c8924b2436b8500b2b0924f2218e5037f9643935cddcf82624b888d95f5b5c47308d9ade583ec70446270eb0e41b6dccec4aa3ac52190ed05252493fafbfb5bfecff003695afdc78a2cf4eb68b44bf42d7691412864b92c5c32cade64116f73ba4548a02e49266de01afce8bef044ebac5acc1e44811becf3406274728c0ed2926f90ec2d847667017f888c0cff3171070ce272bcc6bd19d29d68ba9cf4eab7cae71728bf68af75cae32d9a72bdfaddafe83ca789e963f0b46bd3aaa873526a74e31e74a4a3fc392777cca4b469c2d64f5b9e1961a50b4b89d63bdb7b3975025eeb6ceab15b4108091816f97610af2f895c3cceed8652e01f42f863e149f59d62e2ee39667911f66f9ed76b5cdac6e312c6ac4edf3181380542a63098241f51d2fe1ef87f55b4d520bb4b682e04e5a27b8903941d115418a392476c2c802ac2c5c2aef5da49ed7e1b781b5bf0d6b6b7d34134d66fb62b6dcb27942dcbe636420ec3c162815e403a93915e261f2ead0ad4dd5a52a946559f33849cbd9352519de3a34d493925cad3bbd0f57119b42ad1ab1a75634eb3a315fbc8463ceb4718a9f34b9bdd6a2f9a5a28a766db6f0e7f02259892ce7b39ae1c4cb289e7ca02bb5f0887237005c93b72338c90708a57df57fe0bd3752b2b1ba4b6b78a5923432152864ff00563e57602453838e319181939dd92be92bf03d4a955ce94612a52b4a9b70d5465cb25176ddaba4dbd5f5d6ecf1e87154634e319d5ab1945b8c92ab34938b8c744b4e8bb7eabfcabd35bba405cb316232a707018f3f30e73dfd876c9e69f1eb575927e7cb0c8e5837b9073e98cfe75d8f867e1bf887c5d76b65a269d3de4c48c620956204e3969d818d46181f9c8c8c0e320d7db1f0ebfe09b9fb53f8c27d2ee7fe14f78d6e3c357f7221fed9b1d1afeee2b668d91662b0c36d3cd7054b0564b782e63e47cdbc6e4fea9954847e2925f3ff002feb7eccfe6e4a526be2f5d74bf5bff5d11f2d7c1dd0b5ff00885e32f0ff008634ab26d42ef55d5ac74e8a160f290f793c51440283b82bbb9c1460e5b0064902bfbf0fd92bf65db7f017c33f05e9178fa8d95f693a2d85b18acda15895e3823336f89e0755cc8dce4ac81b3f38c953f2d7fc1347fe08f9aefc1c7b0f1ef8f34f4fed68ade39f478f5686d61bb826986e6bb6d12dd66fece9628951adc5cddc139965f327d3ed2787c88bfa14d13e125e691128de15a34401b60427039c8ce3e60738c81d704700f938c9aaf6b272845bb3be97d15d34ec9fdf75a3dec7a1878ba5ef4a4d49dacad76d269bf4e9a3d52ebdbc4b48f0d5f68616440f7b6a89b486564b88b9cee2a4b09c0030761590f204781c7acf876ed0aa6c28c78dd86cb01c1236f404700f23fc7a6bbd125b243bd54afcc5860a820e72dc16c60e0e79da720e41ae2608ad12eae66b19cda5fc00968488c2cf13e59b0a70199ba9d9961b54a705857917950ab16afcba5efe8af6df6fc345d0eeb46a424b692b72e8d26dbba724acd25a6b66bd5bd3b1d635192de05607818523b290b93cf4ce47bf1939f5f34bbf11aa3a393f38cf201c13b8f3c763dcf3c673ce2b5350f1125da4169728a9249bd597700448a01fba7690140dc7232739cd795eb7ab58dabc8914b14859591d15958870e586d19623804b119e0678e6bb633556d24ddafbdadaab3d7d367a3ebd91cdcae9dd495e5adecefa6966db4f6d6c959d8ee3fe13ab68596349543ee21958e18b28258f41f773c8ebebd39f40f00db78b3e20ea634ff0ce9f2cc90cd1aea3a9978d2cb4f89b2dba479644f36462a42c3089640d8ca2e32380f83bf01b5af8b3ab7f6b6a725ce85e12b4b96f32f02491dd6a4e1bfd458c5711ac2e8769592eb32a46ae55079c3e4fd65f01f837c25e02d1ad747d06cedecad60da48018cd349850f713ccdf3cb7121506491d892703202a85d634b99fbd2715a34fabd935e8edabbff9994ea595942edf74f47a257d77dd74df4d8cef037c33d2fc35676f25f225fea411565ba9d4be5b037186362c912e776dc2f9801c33b62bd1ee5eda288aa22295500703b703b71c74f4e78e4e5f2cc31f2e31b49da5491eb80c3f3e3a67d2b85f116adf65b29e40c11a18e4767ce176aab10181e42e0104f519cfb1ebf76174ac92576df45a6faebdfa7439ad2934acef269256ddbb25a7dc5e6d517f7885d78208f98018f4ce0649edc1e476a81ef639e32b9dc7071d08073d7a8e3af5f5cf15f3acbf162cde565bc89ed719019c964cab104865c7dec603153907070715d3e9de30b49608eea0ba89a19c0656dd80323ee92c54f4fa678dbd41a8c3e330f59feeeac65bde2db8c96aaedc6493fbd2f536ab84c4d057ab4da5a6a95e377d149369ff009eda22e78f745d2b5bd36f74dd5a08a5b5bc81e296324286560c32aca432b8ce032156070474c8fc98d63e07e9f69e32d574f84b7951cf2cb03ef9a4431366488b24f712219393bcb39624640da79fd2df885e35822d2659a2092a448cecd1ca43018cb15073192b8270ebce4007a57c1bab7c50d3752d69e58cc46f2c5de39254950b3c61d9956478d1f6e0a9277955046017cf1e7e6f86c0632be0a9e2a107554dba329257945c6d282935e49ad5dadb6bafa7956271b85a38ba98772f63cabda252b72cd34e352daec9b4edab4ffba7c31e34f0a6ade0ff0013debe972de4f68b329b80f1c2c8a721982ee68c2a646ed8b8072a30dcb0f5cf0e6a36b7da7dadfb4f134d6ecbe6c522f972e1792022965da3a0047033926ab7c4ef1ce9171786ee5bc5b7c3f9723fdb028fe2f95ca318dc91cf209233c0c607825ffc68f01e87b86a3ad699676d036e9a696f6dade3c29e448f23a83b54138e339dc72319fcd713c2eb0b9bd79539b587c44aa54f613e6e4539c935287bda26ef74d35d2d147dde1f3d862701465512556118a728b5ccd42314d4da8abdb4b7dab3d6e7deb6bacfda2c6168af5a251b42c713a2e17670486718f4002fe38a2bf2c3c55ff0510fd9dbc2e52d1fe267872e2449842d0697a9b6a8f0ed473fbf8b4b170d0e08c6e91429271bb242d15f75432ea2a8d353945494229af7ba25d2efb7976d9b3e66a665515497272a8f33b272a77d6516ef7d6febd5ebd4e57fe089dff04b5f04683e14f09fc7ff008e7e19d235bf15ebf041aa7827c2573a60b8b0d0b4d4ccd06b7acfda9a48b50bd9f647369f0bc56b0e9b0abcb74b773cb6e6d7fa9e9bc31a26a9a14da3db45069f6e5040574fb48a3961dabb63f2523091a2a80b84087ee01b0e3e5fce6f027ed0be13f086a30e92e6d74db27f32d617b6922fb3db424082dacd238f1e4aa46154a82bb4a3c2a005664fab20f8cf64fe1e5d5ece292f6dd6d3eded169d0fda2f6eac3697373a7db4523b5c3b4252e2244667920594c6b239446fa0c43856a752353de8ca2d493d134f7564f54d5f4f5ba3e630ca709c250d1a94391dd2b3e9be9d56ead7deeae3a7f879e3ef06eb762de1bd5d2e74fd4258eda596e608d481ce0ccab0f97b7070c4af98878de7193f485d787a33a5c6d3f95f6d5840924b62a559d5464921417c9c9cb0ce001df35e1da87c7bf09a6830ce7508ae60bc48e5b0bc1708b83327c8773b02a5802a548055800c01dd9f1fd57f6b3d37c03a06b1ab7c4dd42c7c33a124d3dc7873c4b35e47268baf68c20824ddf6b4778ecf53b29a47b4bab1ba68679044b756c92c12978fc3c06070f96d4aca955ace956b4a34e75aa55a34559b6a2aa4a4e9c5b6db6db4db4b7d1fb58ac4d7cc23053a54bdad36d3f674e14ead592e54aea3cae728add28dec9c9ae5526bd87c5d6cb05a48d6ee8b3a86dd13e31950c586ee7191c8ca9c74009056bf38fe227c55b6f0df886f74bba7787507449ecad524cc9991c8411142c590c81c0f904615882401c79e78dbfe0a01e19f1ddc5fbfc37d6b48bbb76d36f4d835fdfc76315edf18ee16d6789e49831824982088e033739046d5afe637e367fc15afc79e28f889adeb167e09d4aefc6ba1dc4fe164d226b79745d0b4d5d29ae6da59dae66135d5ccd3dcee937431bc457cc31c881a111f4d6a7f589d2546fcbcf69bb3e450b26e5cdb735ac946f769ae89b5c94e51a14aacabb4a764a117ad473e91e55af2ade527a2b34da6ec7f45fe3ef8fefa2dbc37b2dd4497c21e5249d03b4ac0828803b3481b85063cedc20dc0b303eb9fb1c78775cf8ede235f15f88217b7f0268eff006a92dafa0b859f56bf5958c566b24aa218a1621a59e48a469540584c719943d7f12bac7ed8bfb55fc44f1ee8f7da8d9f872d7439754b645d2b6ead34c04f7081b7dea5e41e62a9721e14b6b75b8891620d13c85c7f6f5fb1b7c6df0cfc2ff85de08f08eb773a00f1749e1dd3b52d52cb46866b689f5ad59239de5b886795a7696ded9adade4170ed875456608b193d31a11a134dc97b376e557bbe6d2eaf6b3bdaf6566b45dce4551d54d24dcd6b7db4d37d7bbdfcbccfdc4f0ecd69a5d95ac3e4c76f1db425218a28a38e08224c048d2354508814e382589c0254f03ac8f5eb69907965189208230571cf500b0ce73f77d39048af8ae7f8e7a6ddf8665d66da6489a3b50df34914921db22aaab901522cb820a8c608650c76b1aef7c35f14b4c6d31269aea1370b11771e603952153646aa0a928b876c13f79980032b5b4aa252518b4dd934fcb4b37aecbf1bdef6146178f33baf7b97b6b64faaf3fc51f4f0d606c68a21f3957627195cafce7009e32bd7af03e82bc8fc5daeefb2d44c445c4c91149a0003068a40518ecdd9c8e72481d877af1dd5fe3a69b6521916e622b750dc5adae59466ea3894b9f303151b22bcb693ca6552c858862c8c17e6af89ff00b57781fe1b69e751f11f886c20b8ba826b5b781aea3592e99232cae916e2c7cbc3191c80a3cb7c900d3938ba73bc94572caf2d1d9593fbad66b7bead5baa8c27ed29b8c5cbde835169eaee9eced6ff00174dbc8f78f11dbf87b53f0eddc0f716f6f73046ed15c46e90cd1c8ca25da5d195d955c28609b5f1801b2013f12afc60bfd27c37a9349787cdd235b9b4c575b82f0ddaa5da242558e675775c29322920ab17900248fcd8f8c3ff00057af801e12d5ae74ed3be20696d732c8f135ae9ef3eab71333442431ad96966e9e478fcd89cb08550c0773283f33fc3b2ff00c1537c0b7d3dac307823c71e20b5b6d5a4d51992dad348b6bebc59a49215924bcbf4996d9b765926b1987dd668cbe447e2d7c14af427421285574eac67287328373e4e573693d636e6d35d1a77e63ddc3e3611f6eb113854a51a90946327173bc6ee6a10724dded182d1abcaff00659fd25f8e7e29ae97e0fbbbfbf963b78ee34c57c3cd88bce922076b10e06f04e3aee56ce1b201afc73f895fb41ea3a1683e35d774364bfbf8049169ee6379e05676085ae1ec9f3046806c9fcd090a056225cec35f11fc77ff008294f8ebe28e811685e15f0558786746530cb236b1a84faa6a625808f21a092c534f86d5a31d5f7ca589c302065ff35f5ff8d3f14b55bdbe79bc51716705db34ad656890456c1995449cb46d2b79a54bbb3bb162cca36c61234acdb018fc4e372baf87a9878d2c1c94eaaab3a8a751e8a49285392d374dc93bf91195e370386c1e6187af4eb3a98a5cb4fd9460e308f2ab37295483bdee9da2f457bb6ec773f1b3f684f8d5e3dbdb8fed7f1ceb3a4d81255f4bf0cea13585b0394dcb2df594f2dd828506d66bd182ef86c938f922e2786e67592fe5bbd5e6f9434dacdfdfeb3236c23059f51bab9279248cf42cd8c64d68ebfabea1a9bb4b7fa94d3b1cb664703e6c92488c154193e8a33bb3d79ae06e2e9558625739c6768c924919c1c90703a1c639e87a57a5ece529294943992b68bd2eeeeeff00e02e8f43cf8ca9538b494e51bb6b9dab5b4b7bb7e55d5df5bbf91de26ab122aac50dbc2a147c90c10c08a30301635da00008e02819edd28af3792f76e42c930e470090c383fc400f97fd9f5e739a2ab924badbcaeffcbd0c9d5a57d5453ec9c7bc5fe1f92fbbeb7d17f6a1fda6a192e0e9df172f997509649961d6b47d2b5686d5ef496b8f209b7b7b80267695dc3dc3ec69a578c2bc8e4fd5fe0bff0082887edc5e1eb382da4f8b1e16d4a4b686282d2fe6f02c705fc0b15bac56e37c1ac0b56585514aafd9151883e6248199494576d4a34a4e29c34beb6728df55bf2b57f99c4aa4e3b49ab2b747a7cd74e9d8f11f187ed31fb6478c9350fed4fda3f5ad3e2bebd8eea4b6f0ef863c39a45ac0524695d2d6136575e509dd99ae252cd733163ba718158f61f193f68f7f04788fc0baff00c76f17f8bbc23e249526d43c3de26b6d0b54d3639c4ad2c771a7a4fa3b4da74b1c8ecc82ce78631c651a8a2b95d1a519371a704d75e58b7df76aef5ee6d0c457724fdb554e36945aa93566ac93566b55d19e112783a194336a37fa8eab24658a9d42faeae513e61c44923958d470005500055007155ad7c23a4452b08eda20475254127b9c9c67d7f1a28ade1aabd96fd92ecfa183d64efafc5bbec9db5369745b7b492dee6d92349ed645b88c9e407460ca0651c2e36f0c10b03823a62bd5347fdad3e20786be23e81e28d42c96e60f0fc0f1416f6de21d51e5d456de381e24bff3ade28b6ef8773ffaf460e10c4510a48514a74e13b294534af24bcd5acf4ec119ca0db8c9c5bd1dbaaecfcbc8fb461ff82c0f8f26d065f0c8f008170fb6596e93c462184ca433464c7fd913492476c0b3ac6cca2e1dd95cc2007af47bdff82bdfc661a65aaf863e1ee811ea096eb18b9d53c5d7f05b33b6d124af6b67e1ab966257195f3fe6e5772000928ac952a6dcef1fb518fc52ba49ad13be9f2d4e9f6b53922f997c49fc31d5be5bdf4d7e773e6ef197fc142bf6daf17eb36b7fa778b7e1c784eca0170ff608fc3fad7885e5bab88e1805c4b7571a9e8f162deda0115b4315944abe6ccd335c16429f1e7c408be2e7c70d762d63e347c66f16f8c48dcd6fa2d94ede1df0dda47186fdc41a4e9325baba1c90cf772dd4b280be6c8e5724a2baa34e1087bb14adcb6bfbdd23ade57d7cf7329549cd479a4dddbbad127aa5b2b233b46f855e0bf0eb9974ed12c61931e63c8b04625666c6f632942eccf85cb3124e0649c0aeba3b0b3b662a96ea8ab9f9632540c3607b1fc547b7a5145673d5c6f7dedbbdb4ff003627a295bbaffdb48b51be2b1b42100013d78c10481f80e3381cf5cf04791eaf7926e91959c01bb006d5ec07240c91c1e0e41cf6ee515b28a6b549ea96bdaf126327cdbefbf9e9ff00011c16a1772329dc7a33952a155b93b48660bbd870300b955e7039e39e7691d9b0e720e0649e324038c9279040278e467145154a104dfbab47fa27f9951d53bb7bf7f47f995db72e32e7273d81e0633927be48fe13f500004a28acdbd5eda37d177f4337bbf276fb8fffd9, 5, 2);
INSERT INTO `pet` (`petId`, `petName`, `petPhoto`, `breedId`, `ownerId`) VALUES
(7, 'German Shepard', 0x47494638396196009600f70000ffffff8579666963568b8477c8a878e5cead393733946c337a7366d7b688d5c9baa69a96cbc5b7a59989d8bb94bab3a7877458958b79322b19aaa3999a948a988566c7ab85dac6a9494743b5aca5796446cab597ba99683a3222948c84e8dbc7b9a587675438aa9577423c324a4232423a2adad4c8312c22aca8a5856a45191609534b3a9c9994524c42b59b77584528201b0b947b584633155a5243c5bdb39777483a3329e6eaebeee4d7e5c495726b5b8c89814b4439a38b695b5a522b2923635d52cdb28a847c70c39d66d2ac77c3bbac5a544a2923118468586a6861635a4b885950dfc39c7b7972d5cec2a7885acbcac6d9b37bb7b8b644423aa48976d8d9d8c5ac92736d6233312a937a65444132b79994b29d85bea278c7a36d3b382a9b8259725b37382f1bba955ca38b85a27b46ccbba26254427c6b524c493a333022ad9269725d436a5c4b6c624cccbdac5b4a32e3bd89b2a49d4a422b2b281a393a3e5b4c3ac4aaa7b3ab9ccd9b5036260a977a76545144221f13a57a725c594c624d33271f0abcb29d8d816cd5bda28c714bbcac9cd9ac6c6b5b435b513a54524a716451635944bdac9329241a7b715cf6f4eca98648986a64624c29524431dee4e77a6c5a674916b3aa969d927c7b60374a3c2a23221ad4bbb6f4f5f67546387d5a24eff3f6c5baa5b2a5914a3a20aeb4b8ebeff2423823b38d87673a2dc3b5a14d5865736954b18d5793635a886d64c8cdd1534a34aaa08dc3b5acf4eee4ad7f32533c22d1c3aef7fbfcbbc4c8b69ea117222e2d2714d4ab85ced3d8fdfbf66f645a909796fbffff413422d9dee0cdb5ade2b577f3f7fb524538bca19eb7bdc1151b23e1d2bab080656c522ebc924f3c382462544a998f91c79692a0a7aa413329b88e43faf7f2a59191fbfbff4c4c4fccb5a1fffffbfbfbfb5d62657e4e444d4634404345daa75c6b583dc58e3a6f706a5b4532908f8b805c4d2c2d295f615a80817bfffbfba1a09d4e4d483c3c3a7e6057bba48f5e5960bdc0bbb2b1ae2f2e2fc6b1b3d0ada661503ed7ae9e424040704c215052555d5545c2a1a0906f4421f90400000000002c00000000960096004008ff0001081c48b0a0c18308132a5cc8b0a1c38710234a9cb8305b0102aa3c51dca8f01a0e1c1a398a1c3911d2ad07721a1068c6e64c3f0fa6483264778140a39464b079d84946d636267168c91c4a94a0094372da2dc0866dc10243bda28c4901c7ceb814991e38e9c6f117a1206f8a3dd0a5ab012a2a7e5e2181b7071b0a39b36e1122c4b5a8dd91bf4ccccae0141b19326d69cc1a2562cd9a27d1de29d687e15d9d3ae1b485d3a72fdc3b2cf5ea1948f783518f4c540c7552a0e04e33574b967c73b52759325d0b26c82962c5c9dddb5d3fe0d0fdc1098d2dc0b15d71f74e331603c70d1878a77c84f311256ca83961c346351b27869dda4449cc300822ee74ff2a7627cba754dffc4cbba78099022605c024b981bbfec66e0c32b19a920ecb941669b45101074124d04b19ce009208259b0002880663101105114410c0c113858460871d705042c287d165478926ff1c504619cdb452460d85c430483b31d927a344f45c668016061881c12ebb68360223100499420a6840a0410a1a9cd1820d18b8f3431dcb2ca302277614c2810b3d0400411b2b6881c5095f68814c222bd8c1082b8f3cd20e2e33b6f9d00d0f986146233dc41043053d40b0481b8b408067165b22b2081a6cb0310e3e295021021722c463c55c0ef492800305305340a51f3093a9a584c8924913ea60d044256e96ead00d4e9811810f46a8038c12d1ccff60073e4a00a1441a53f0400232b38e63073267581203152070c145232034b28d19b75cc08ca61f44fb8109b714d1c02246189186223be452099ba6866b503737943342a8068cf0251d274c69802233f0a0850d74fc70c2975a5c1100307f4c61c3086e4070ac2a7292f6060d0f34b00305e70c9004091d74208604bc4820860dee04e34b28c288ebf131ca948301064060f0c53b188cc01c673ff421651f36203248269934204203b2349089a7114410800e4680c3090c7d147dc409114f2c410946fce1431a5a94004d095f74f04512b01ce3b14cb8dc00451302fcd18f12e08c505d0924f090060653a4f14713ebecb04e134924618416538c70820f8ab4ffe08e2249a8236fae29e38d85238ef47144cb47d0a1460b080cb043c3c0aca04620981fc1cbe6150f030d345f4c518e325a6fdd5015e5580d4e1a2b5c01c1236e30c2c8220208d08f1623a421c0c278082248ef7860224b044264b203102360e0c3004df493460b254497b7163cb863f6086a7c01840f5fa89146f79c572c46092bf4a3c323ac9c11cbfa402070453f7c90000e34c3781e0cb85b87924b39d5514782120808c0200618010a6462800310c22374d0066448e0086218c10c928082591481060a7002038ac0002738c1040c5040154c60021ae021781908a12068168141f42c7d57d0c10c661080080c207213e820268430010f7e401001c8c42dff4cc08c0bdc020483d0c115ec80b61520830425e8c008ca418c19658318081841d5be508d2f90c00e8b40801006e001e235818cebd8890784800025cc6005249040208ef0051e94e004479000095630837e3c0202997041b20ca18a46cc4c158210c50511868707ac5016b2988020e6c1001a14a10850604007a1f0807990b0832434011e8a700b516c2013027cc42216a4855380430b619ac21e5b20805c6ce4170a30d6288cc5853a41a0101a40031a340088104c621221d080061e3108210420000840800e9ae04c31eee07d76988318c4a0851580038e11ec471b12c10a210c22487702c3133840000b1080080e000a137240cf38c4210a3198c308b4f0ff872bd4ee86e0889c1b4aa0478292a01fe58c000812404f7ace330709484085bcc0818a1ea607be8440001ee14fac4da411ce30073a8e34244a4880142f98041c26410a1948400f98d383e6c8e786470861270358c70dafa08e164c01965a6004220cc588681861068c6803221e21822e5820081688ea44bd408020382001412810211c1005075c950043f04214c68ad5207841132a48ab18d61087ab0681000960c2059840880b3860031798ab571310854979153ef0b9c0574070401db8a11da188c80df8c214a7c862290ba00005a4b1931d58760792db81071ab00016b0a01da09d403b508002d18296051ec8a9fbae10390ac80d6e091c80cd44e0822eff748103636805079c7a572f3ce31f93b8442bc6402011d42012b500450c0a71805aec831435a8810c3431861aa4000c91f8470c4010842184b50631c8420f5c1084ba629500e8b5c0063680a599d5ac66be309d7ce74b5f92708319f110010752808152788c1b35b16db1d660812830e11af595112dde9001d062a30120e8c5100a310e64842013312a0a2db22a0839c8a1297e01cc2bf6e08105ccc2ae0548707d4c30016c48e3c57dc1862e1e308a2e78610829b0c5831031bb75b40316f86388096cfb864ecce20ef1d8025ab2e00a78a0e315d8b0872e26f000517c05072ac60d2d98e1411ad8e30eafd1853decb105440ca3043cf0e914ea508f3a28c6ff32cb79873ee45c077d18e00736d8841862c1864254c00a1934c11dfc21896f7cc215a8f007700cf1865b38600d0d285d96ef728d0bb82006ff18d238d4459929c0ab05c8b023d2b060830e9ca204dab105255e3007382063139b88deaeba588d0e9c80074860cd2db6908a4f2cc11f962a404389708b49db871b55b882baa6108027f42081fcb144588750060a3b23054f1802110eb1064bac600424d0c0784160053a09934b24d8c4174a3005705082127048668b2a90854138e1181d33366e2ab1830a180b041658443d30c018642c82769608d2338b040178e0a305dab80230aae1887a84a3094d00062a2c406f0d30820dd7ad009e32d1830a20a07640ff68c13a24adefdb08a30a6f989308f274061e18a10d96c84205b6f4465e9d0111e3084131d9108335b86003bdb0806d6b5b5e673debe9d27a1603f0708e73eca009ca68f98c6e900477f8c00090c1c064c281016db04d0d2448043848b04f64f0c14370e0c10c6c25007366a21186d8c67a37c0ac520a021336c46c13fe90860e404311d4b841beb57e974a34410bef48f3dd0c006a2862e10b5850433afaf3033cbf430d453b411beeae8a420a0291aac0040506700e0fac830f0f8401d18e40fb3c4a4002b9939a3bfccb788a5402169540c13a84b00e04d4cdeb08680210a6f00318a8c011c719010ffef0071eb881020d68c2201010010f0ce20f2580e5ff094ee0fca2a9a00f8ea083d5d23043b1f1810f8ae043093457318bd9e073fc0806a97a5f902abc9e0f2b900624c0073a2000da8201b8f2076193065aa406f6421d23e003c99704187002e9f20523f01f5ea205ace2037cc08074502f9c00265a6004390504b5537d62507b9c43074ab339121031d163785f600459a76237400de5c00336a0052da0047fd4428320720160093ab0083ac04069500202d00ef4d048a4e1040aa04934d041549830c543015700047ca00524f007f2f75374e00e26f3072da005400004e0c003d0b002029084ac1001a3300a99800083200b041373a2a00aa2c005b4730533b02bd1330c5a700ef4612a37100cf3626b61c203fdffe0063a100003d03336d4339235008f3003b10045bc1008bcd0011ff23ce0e0064240011390014520050f400399b44926d08a1b74410f208ba2a049b658048240038cc4005080492454040fd01b19740b0a60026f300a39530168d01d2520061d50022dc00776102f7f604bb7810bb4200a18920285d08d10105ecf144063340092330083a059e740014220007600221db0397534026e37807fa0048ce00683200220c02c73d12c46640645200a0f203ca8644e8f184d65240beda05398255b0b800794a449c098091e300a89240a72e20066b0015d8051151003680007b1030c3ad00f2d40028a80028915119060053d00069a600e61906943322461300980fff002a4600b32d093122003948008ac707049a803011439d1044d6ee006abd452a7600e70000e6ed7066d700601f091fab50615350663300470d5571245045e700863d5576445009a10087de03d69c007fdd0016a001ddb040d695701873096643956c610514011071115515ee59709b0011a09023dd042b5937813410b95f00096b02746a0084ad0064a002b46605446952dd9120d40609462245914505992d504fa3200fb020c0b3403c8600491280496e0066850744f15555145005e40550ef056433006b5f00fdc4504cf600d795006b5509c79200ea0a00793f00fb7a55e44e095c7759b0e20586050065e59205e4004584521bd50200eb0551b10045cff5001acd0066e9004521011dca0171dd600b2e161f0390113e014a2e5149c259f78400ff49001a48502f4d09ffa8902a7e5592fe6599f355afee99f0f20059754046ff0a0a5d708786708bb940903500130f90270000a4b000afff00f39490ac3d0931333076e5008a020034860052e5006a0b00fa9600ba4a0096000061510488da00aeb650684700b3e7a0b0f6a49b3f00019c09ff45045fc97a44a4a14dc80604bfaa412410b5660011cc00af1653a95d60b4410150e201450ba119596302ec0011ac0030890616d820304e0022270335b40060dc0055610074ce0a55f0a110bc69f0bc005bd40a6e37028f41012b7710d1b600198b00572e01439410603ffb00714600876756077fa1090c0001990144ee1145d10055e5008f8800c6cd0002610642241a84130a419900c0d400654b0077bf00ab02a0d0b20079d60571f30a90e0109a2b00094e5014cd1141930a5529102cee00c61c08d10d00e871811c2400804b001c5800777300bf1b064b00a0f23a60bf4a00b96d40856b0acb8aa10b4400319a0132ff6177b4006ab48ad5c60016b500268f7057e330565e70deac00f92110ef8ba0ac1a00c9fa50c28d05456300b06330da8e007922009a9e10a64f0650b80021940ad6f10ae0f710d26a00034700772401664011c5b50011a60075f800c2dc0038bf1189081b2905119533067f560037e62a3157007c5580c08ffabb04b20095be00fa8400672a00adbf0152640b10dc10db470b4bd411efee01aa8800ad8100dff3202f580058bc118ef600376f60e5370b558701ceb8634e6400aa430099a5001fed00926d009d8e0074bf0099f2009e3510c0a800a2e400831300f824ab40861b4397029f9d0056b602759f075ca0176cda12efda11c58d00136c04525500db0660325b009e0061d11f38e9b800468f109b6b007dfb0047e800a9d30ba0580030540045c80a67a9b10dde0042fb973c8d01f5ea70459e0022e000661a067cf38b9f5b39364fba129100680e02194300773c02124701de3470a6000025d600556300dd3706343900743b0060cb0ba0fc10d3790092d801c2dff908f209b085ac006041007d5950241077235e0053910051c50064f905b8580248c60072b90bfc8800cf382053fe00862600bd7662227f20f7e36015540aada9b10c42000e96000c0b00877b60cbb100ef5f0031a50a33d5003d7060635702229b008c0f00e7da0030390050db055ed040222a0274ab00267287dc890bf94100b67a0011080068f700e48bac00b210c2cf03cfd00012e800f9bf70399810c6892c341224c59c006b3120d4b540fc5b10ce94009dab00346200188000639cc0824a0066a403ef8800f8ca004fd30036d00045750053ecc10c2e00ba310a1b72b0259508467c0273917037e12000c37540cd20657000ff2000c86fc0a22900f4cff104f4ca07494722984b09184600511d004c6c70fa3f2c60c610a50107374f2276c800f6aec27259724f870068ba0016c3054c9d40351552c5165634eb501848029bb212d99720180072ade700eaaabc907710d55700baa900968d00691090c9670cc6dc0064a006a69c003662274f8300e8800016b0002b5655b4e05bdc4e88f9a72cb996206b2c03c1ee80da5a0c0c04c10b8100ac4c00246e003eed069cea10ff4ea53d2a72bbb82546f6415a8acc35a8227724a8c05d01e4fa741d62204499086dba30e4d000beb7c10b8e009c7000bf2ec03c7c11c92a10de5c00f5880013c100d6ec07627a006d540973360c2ee0304d1100d6850018be2adaad068a4ffc10098b00e61033d31f839113302f2400d3d1cd103210ce7703246a0379cc02eb6a60f29673699970e894307589006c0200006d00774f0056780063d00023a3ad38ac4000f7075eb70055aa006f5477b1543071623454900d42cb7cec25009d4d00418900ed4317e27e0089cc0d77d507e30400743c3093f30028880063a970922609182300a1160535af8075a70047fad386c2d016c2d456ec307d0d0d318b003e0aac920b30e7e6380f49a06c8c12ee927af8cf00836340190840992b47a2ee43302c0085a40078e207b46933d977b0a7c6086e030c6d0c00b791431f78701c110da779a0d55b0030afd0720cd7e6583018a10cf02907ce5c007d8430706ff60035a6b03538071c8f336ee737277b3d774707e7fed7cb2c70b6092dd96ac034ae00340a0051d707b1533359f030d5aa00eb9b0784a8a0b28a0047c006a7c300360c8037c60042d70921d4007e8e7086a30054090044d6059ebb00e40402f36c007ead037cee10eb8e20e76d3363cd03d3f502f30201d69d00492750eeb680411a3dfc6ad3914e38c1de0855ff007cab0928ce709a510342dd00f403003df847262f30527a0725667c912c70a0260e0d09166696003e9500ee7b0dd69003592ab0569408653f0052b0e2630f038acd0041180007144313168dcdb747b12403f53d34d5dd80167c66e4d70a55976032c207769000ec030940170c7836009f7ffe8062817dc3e86020fa0496f10420cc0a00d6a2d8ff007de340346a0063d080d0dfe055f6000a1f305366004bbc30249d03dd391dfbc40533544332200495c20088d90098fc03c027005e0103d51e303d6285fc4a083d131028fa80383506f2e94ec83b051d1b408b1c00b30700249e05a822085d68ed01d4403f4b04950a041ff390101648e42c008b6c38562fc05670e0e1d300742300a13203cab2808121942eef1a38200028fe096a03607247066d09006d410d7569483e550b253f01f406009d1644e2e9440d464a101806e62000347b00900126bc04001167941b6d8ed1f444250d0ed24f4411ac400a2508bb8280bc2e3da98f00092c4492c90011effc48b216402d3e204973485a20002110001fd906e6d7792d19304416d1fa100cf76d4019967032490d208443cd33489657443531e3f1d30476230b2b61635d48726018033bd7349aac04195944196f400b2b08a8e14f60a50658ed4499a340f45300f3e540555388597b441990001831092a430079ba04de3d34d0f0e0e46f0ebb86102cac8062170cab0f9980a2f4601308e118059e9c802c7030ee0100b732047bc506a2b9086dc9d06e7f3ea4d650172e2a36f200aa3203cbdf3ee13d0422cd00003400105340f0fc00299209fb24049dd8e03c4a000617f41c203022040eb5812031e170b94103f9f137e4d0f04ed20f011d10db4d01b0fba0d8dc0a66bff000699a6099a405231f04c42e04ce53ff98320393725e3fdb0eb12a347ab93087f40022d10430890267fd403ffe6545905100e040e3423ea01854789e6ac4010408080003b22ec60416147391d03ce5168e02142844c783061dab08190034217cc6cb0e082c313301562a0d1e0c60d23252b563421260cc04fa04185025520abd19a32609e6429a4c1a9d33061d8007af182948c5888343c0a10a021021d57ae2058d74487803676c09d1a2641c2a644fdc08d88c58811225668c08858f3e4c9180e81893061e2204e8238c6121b631ce509382d69f8a45987a0c49f245a244053d3a103b434022a10501cc7f4e104850b472192807590961cba881051010dff2b20eace991ada3b68bc25e83438dbd4c199a614103484a00487928c6132f41cd1234106897e4adce8d0f16840048f030608c1cddd4dac4d2fc6b999018e8f8047dd2b70b110c4be17fc43081021e0c54282048288c201c20a2880b01c124c608d71e698410b18548081175e4e810004c22e3050c30b08334c20c25c8b82891c0c3c90099544c862100fae588718df6204e0976d2008c11c36c611438caaaa22450f3d22546148180291a08419744040881d84b8a29c248c30a205458078e80f25fa6144003704d04108b01e194404fa36b0afbe20888822c0201c487388569e30b3cd2086a8218a43a2384cbf286a48c1020b0820c0be2738a0d30233ba70ff4150fb1270803522827094c40e9930138400dce807015f7c92b1375ae4f0800c321ac06680268410cf831dc613428826108835d50176d881d5013ca080025d296081050f0618049887804160c92bac0486150406a940040e5c1822b021bce86250422ce0608867f6b1a58621aa2de392036a01e50072c4a945ba18860005dc030e88249278ad79660822cad06312fdf023e22422bc8834c02eba00a136082078849547dab9e153a1baa14197052a96c683056491438e091a60a1010aa4e135646958986002145246210314504e991e14da69e75716a439e79c9265a6f957691a98000f430c690413108a5ee3e8466e6984913694e2608d66a6e9a58c786b38ff601fe9f490218c10347822921a9a916d084db8c8c70a400958238b58026089032fda34831033ea36c3104c4691038f09e4c8008a5020167c70c20b37fc70c413577c71c61b77fc71c823977c72ca2bb71c716e9851e09acb3bf7fcf3a07eb9208866e801fdd35f3e30ad970f4e77fd531c141d828d268e793da86b9808d482821da5e576e07f12bd112e5c00031020aa009e99685de0828b061ab0a097045a0ffe75486e316482450bc1c70e6902071d92042c783e7a6c2228351e8198b9de755a6e790005320aaea18defcff1c4731c2c88279e092c001bd820033658b5805930210ed67b9fe76851840cc8a1625d88c21852c086332c820230aa1c332cd0ff0839c862015b6800a922b0072178400ec5b8401c70d04007be21031513e01628e88518d801196c90c3c324e7c16d1822820324d51ef61000219001810a280c246078b95f28c0101bd3453b04380a2b446108ffb083391011033c54c213dd68dc0708b08d593c401772e04211f7808457ec011b7240c12cdec004f73dd172381084c5a4210d6c2c40178298de1052e08c71b0411331c88414f697b8fe594014b3b8832192810a2a544012af40023cf6b00096d1800656b0c2eff448b95f30400ec0faa300b1b1c64610a0171634470852d01460b4a30ab62bdc0d08d0053330e00ec9b80326fdb0074974f21564d04504e9318b6d38e085a7a41c1f49260d01ff926a0b19b8c328b810040e00a20376d0a112a261047594e206c480c53ca4500a58f80216bcfcc931ac50b022d0a018c5d8823125e10a78b8620f7790021d1f308b92888f9a93ab02042ff647230e140ab3300417ba80c31260a11e75088736f4510790ea231c1fad473ad2518f92d6030b89e8c1f30cc1002774c21fa8f8e71282e30a32dc41171368471d31c180855a8e160c80a02e066854326c53166b00c33fc6a1852960e01d22fd681d3080018e5a1503faa02a4a21509b96d2c0090af0871f6aba0449a0c21fc918a01c1e4088209820a895bbc6079cc0001a0c5317c9b0873de8a70138946004d1e887540d00d2778c74a3879d6a1dde61002c60a1ff0394d04021f662080598c009d330eb27bee18a69e8820a643044316e41882e14c153738d1c2d3ef05a2874c21e19b8e41674ba880e08d600bb7d471db80ad9a91a600afa78ac01de6103c9cee1143c0a430a5cd009058c750b92588267d57a873b14631b20d88008e8b15ad63e8e163818af0914600f7fe842a764d8833beab1dbc8be6304537dc770eb3b85297cc106f5b08160aba18613a4c716a400c485a0db8962ece113a9f8841fee718f4e98201e56c8410ad4e18bf0422e75af355031ac808a1e0c4000ef50e96ee16b001bd800b2904db10dbe5082cea8410dfd2dc1264a608361746018e680c0348ae18f3d7cc3b3f0f0838f3b71e40f1460081effc0458621c78d0fe420012e28430dfea181366cf5a3f72581164660831344d6061da806993741097350821224b0f10848308211fc570c2770c42690e08a6fa062169f58822b50015d0e17200e5678a4931f570511dcb22976d82d06dc610460d0c40e3ce880043c6383536c62189b26c50b000107509b630e2528019b4b608e129ca00323400620b2400854a0c30f6aed840312c0984358609a86861c2d04218200b461043f106e0b9410832e04680c6ca0c4269c93e94d0022056518c310c6102708200210e8694e2c4840822f74e6042f28436038d00cb13de35e6ba002149accebc85521134a98423a0ca084080c200033018305e260c1e5c0210468d044ff19f4c41f221ca21565580e3ee0008e34ac990425f802164e308c17c0210c072843c70fa08930a02113be7837bc1f778301a441c53a7081c12080620890660c654841089ca1811ab4e2d6383cc3385210033064a2360158043e187186159060cc292e012500719c42d4a00c3188c120a4e00bde98fc7150f8838a8190053bfc4005e9e0c70f465086563cad06ce70460dfe32863180e10a3ef8c129b260050704cc020783001a109108648ce00b2300874e904189155436061070c30e2aa175c855e20f58d0c70c36c1d57aaca20ebb65031aa8de1408c4e0e729c0072546d0077df060482ae0011502d3920a301e1f6998c2984bc0033b24021f5a49981026ffa050c82f2e1bc1d86d3a78b0881910b71e3f78ef191ef188bef7ddf38808811266d0026068431babd8c52e46500f64b400093d58836d9490866a9ce004fd2581e9b5b00225b0e20a5208bee34c31006004800a20b0401bde3b021e300001b0044b080024c882be7b04344083ef918768d82a47a80656d38726d8030440043840824228ba3930073b400437400385d1012528413ed881acabbfc5a9020ae082a2010117c8023ed08668880625680356608584c9820048409aa0840e68833d78852b9007234c0260a0024771930a28842720009420a5bde382006085240002776802e05341c431051a10055568841e88811ea8802c780437588445b0842ca880ff1ec80235540e0d600338000474c8823d00863600863d880742389038108894608602600642bc800b20840dc80421588772f08172c0302e549c1ba0813778031000831870c39938833360c3374403376883366003531c877100040d5883ff99302b08825e989e36d11043c481d732c40f60860bc0040f1002757007149c44c509052778035500814ce8013040833330365668c3d86383689881334004adc81136d0801e7081fab08035581417e0c60db8000560865b7c2d0ebb00430096b208060e1246c4b901057803516800386c011e008236b0848461839c20011e408619408433c08771400436280411589420f825dee9820d30035abc007334c75c2c00ff33680024428024480265002f78ec250650854c70032350047500061db8095274836868017c44864408017c080172d20008e00252da492ba89b5b40448a444774d42c41188072c88d723807490cc9c211065368a84730021f38497ce401566b811a4c03000cc844488433b08316a84644b0844ca8800a6800e8010141f8438bbc45cd79034c408015c02f38f381609827a6241c5c38065358073e5007acd28715d3074713cc2fc0472d78b3158806c363841048841b648500304b2e10855b5000a054805bb80527b885510880246802013082346801cc288592cbcb4f398663808593f4010308875590076f30426fd0862970071b68013768811198311be081ff58a0043bf80360008629e90756a0026f02015528095578835b10055918844644003e700fc8e8001e48026aa8047a524d19a9041f70071f38014e50bf1f700418e084c872873498817e50ba149bb112b882081082d14c0364600408d8461068848230835bc0ab07e09b1d488215f0b2dc120309500331f88224c885d414cfdef0842630803f3002e1a2033aa88657308270f001256881da538374c0821fa00309d002630182fdb2012340832c100101bd05337803982a020a304a0150022dd00268e08523a010b77850190d86c7b3d018998729c0020c30511b700447f8011bc8ce14c38274f881f5e4841fc002c918014ee8837182804ce002412808555005ff41c00359e0a9f1c80c09289223a8d323605108d502884b02d464d2de38865cd80120f8020348030c9802a8d2afc8c20219d3d2c85a4f15e00435e887311905435005511004439005119085fcf4802698013190903e08843aa5103ac853d28406eedc015830850a65525c20061648023e7852e3aab8f5a4034ee084d51b124ef8828114416739cb06908551c084ea74833f68812fa003523d55b730522d980c2df80268605568188126a80490b4505cf08573f00175b85577d08277c0025ead873ee8032f3d812fe88747c8046495054c70d306c8047d0d004b60857e80062d3881d5eb035ea08317fb0231e88034f8833f488320ad3408fd8c126881604841fff10c0579820216288716080dd1c4002d785483ad5625b802304180378d1e16900559108251c48d44383d1880813ea0594748d51290d815e887169801ad4c830e28520948586828012d680265d8422e34851b408126680220300220d8501f205701288726b8024538bd3e20362badaf1168811422c1930d802b680118738476add99aa5d93ea08311409224100b1d98da3f58812f90002325da0ef8021e280758f856ad33052910543e980c1e0852645850fce2812930827258871d688224f0012f9b8234083772c5c716b0923fc88d15c047356054b61dd399e50416dd9475c8370468561b380253dddb61d02f68f8021ff8cefa33056570c436e08319f05dff88bbd66a68b111c0af16b8025bd90147340b1e50034245493e804f0cb05c2c785c23d082abfa8213a0833ea0d29ba5833448a11ecdda3410033b25520a31d26c2dda1150070a85bc2ac0ce344803ec209666c5003e0002121c81eda503f57384c3fc030438074704821248552de08134508427d5024578b472153c1403301b705e1f00822458075e09803f2881a175500a2952f4e5851de9002f1b062d28875c80374f2885729892f96d0170e80720885a879d82fccd5a23e0837ee001a3fd4d09b0010c300277308074f08124500413454c437d60f804b3ed455d1be8070118800668823450031635520a110308958023f08c1d793f2df88ca2bddd1b10dcff53f205bf54e015c83f2548043e6084a98d5a2d70dea4c4184c98007dcd0487e887df4d83e6c58224380704e861708386144b6044358067fd812fb8560c480221d001701083f41d5a122e8139208158588134d8848598014d018761c8d6cf68813e0daa1b280521a0383e4884157083ae180434608445e08eb3585075100216c8800728820708661a780083188507c8800130021230825819544196b166cd2f384b07c153842638073ee8553ae085071dda0e98837e580456188408883de81b8441780420408087e0031260df75f0213d9a556d2601f86b0331793e75b6e53414005610807e588172080677a20106600005882ebcc22b84668083781537c8ceff2f88e43f108029e88019a34b77c08c5751872e133c700007527e0490e0d406c00441b0823415854618850128592018b53498836148036a08cfebc9067af0cdb8050720e00a7306890a50e72a748347b8821900e334d88176a08722d0510548e8a9660028b8ab62c60316c00329c08360d1819dcd92660d5275d0de541d8120253556f88e7c1b85221005eac404516080cd9c4e51300317c08d3f18e81238859c85067580051862818e1d81be8d06a1ae00f1f8887e36dbee60840ef06668e0030a98004c40682718ab842e022730011a9002cdcaeccc4ee6616e800818840040041df057ee1080348006ece8073e780441486621888022506827d854ce3644ff66788351680034b0bec44c3a5243e17558d2db09056548022955032da0626369885c614404008f756684b538021880061ee8076410800620e684d66d13d0acf33e6f1ac88079c02bcd62004150e97a55e747b00368b0843d96850c90050ae86c1398074cc8edf3be857b4de8cd1c850a78be15280141a60464280e682887773c1d5fd80145f0321b98021ec8df47b86d9008964190887c75927e2863d83d822f40863458501240804c50e907c8ea602e82ab4e68cdaa71ac1e2b51508022c8a77c12857c628051c083cd7e80f3e6ec0f3001063081cb648622c0044c158141700336ab06525b811978702db830d7b90116f0812feb0017bb3d25e8f057190fff73d6957cd34f598e675e3055ef26b5151700938d800998f10728eff44e682848e861c6831917054bc42b839871619e0727a0f1f41604abd6ac02bd0555108106a800564884611083bece2d1e68817e98cf292885d3a1873f08d26bed80f59b81450800f168952569955cd98141008b19580170e88040e085fe32ec23b001b45e013b700344f82a2e18854650053c680041c8272780821e3fd6611e850978d307b8ab7928022237813e6776444fefe84a741a607241d8b71ed46e3b980331c8d60486679df88379f09c6e60000f688389b301129801a6611855571558bf6d89d8150a1002b900071238853a758b16400600e385d0000621284b11e0aebb0672ff4140d691087037cd840178530ab073fd2ee69349661ae8f37980822aa882cc0e6d6bcf1be719c39a808353f06b8014f355d302ec5386588d1c48e002d1438314e8791154c002148f75a8957c5b957638071d18686498b8c8cead11a061018892f7a0e50ac884a2290972bc00205705658576d336eda01e804c680021a08007e0ef4c6807fe267228086d21cf040a50693c10045188c8920081325c18f678f0199e7529f9aec7e10648c0011ca802263f8a3228849ebfa54d8c0121b0ceae6012f1c8955aa18075b802b960b31d510314a684520bdd68408b4460853315d0bad900944844bab90561c6840618841cfc0325913f0fd88857af8c56a1800cc827ffbed9e336a5fbcd248493808d709409e56005829c81eb5b0123a858c5e1061c60804c251eda18c3cf03b9307086ae2904080800d46e16af088b5a81957318002018e90e70d039f0dd6fe3e1ce1582ae10930ad044bf7001fb90140089830409c445040837e0a081d3d1a49f802b3b10ac6bb043c78a343efab9d121e051000a8d82386092238e030709120421d0a50b07306b7a801954010d2b568c1052ab04e026ce9c3a714232e3820b973515c0f4c852088d060d9ad0a4080167d20b5b80d8a0092024c01504013022d081604013208c5acc295142cb1c12946694e8008ed199368f2004881143e59a2e2609740cf9f1639cc05162ccd162a41c903f3b94ff884982400b9d0e233aa821f1e74a042e44e2e4e89ca323132671a24421e0e52401172b870618f4e8d1e55c9e76d2c6c9cdc4862e3534fdab012105f0149ac2007a01951429196248c17163c9928e47082c5d79744588902bc02c264a346798181973f0c522b1026ea24510ecf670c181c398f85e12880419e510fefcf8a314821648cb084024c1431a69cc018d162548204109e0b8e1c57dc6ec479a03718c64e18509441104111634b201083d0c3248134604834b6db54142053ae390600b54ce689242214d0192882d32e828861e7ac8b0093e6e2851910e5e09310058420c7205108b3c72c61c32bc10c2192bb430433f43a251810827e935c4101c0c41ff8005444461261169d2171a130514c084034f4c22c6118ef8008404471cb160075a24020101698226520220b1a9e1481ebdf96648567011801b0a9d034b8ab59950a32652c9a889068838f5021c2f2427831e811cd163072bc4b5c8158378f0ea39036007841146f0a1c4197000320e233380b3021f6d2c32880b1b05b1c1484178b1ac17810641d2482185a6211121151a9a0585a81108b72ae801461c6eb2794168055c70ee0515c249681ce5ba79012141b81041260300c1c23195d6860318f82c818e0629c0b1208c8040a55c2030280c830a8188b182570878d0c41515fb60440b69643c450725aca004228c2c2200305ad1d543178d5860925e2b574bffdf062195d4c506259534462b1a1a9300110444e105293084d085484104c141174677748b0527554b88486712b02613e4be49088883b851110a28ea4b1b2d378c322525bc48608ba83c4ac00bdb1288510d803cb400c415010ce0c10e42ac2344390808f08700082020840e8be8e0c60c743f224074adad018205461b9da6052b3f6b01986580b141cc52fff34c1e791c12451907b452c67b5d44be610d4f24cbf91aad10c191cd3ca7397bd5a13910841522a091881d49d013cad73b75c30005830811c1005929d95a0082579c0430240b1038024d607777261e5040010b13b080e442020011b1127c60af032b8fc42042e50498e6c59864c60be633b58022ff020163e45f4b246ab10f5090431c9af0510dbcd08aa48dc11a43004324acf18c21d02706a02843b37e56add21c6276094016efbad003083c62118c4080326e503c9d38a101d298c00216200b87ac6307647815de90b48e75904f1adf63c10258003e20b2408842f40076ae603e605ce7557e4b48742a90891e3c0169260993053660862080a9063e2ac3189ab586141cc01a07d0c401c8618d4bc800827a08c3330ee08c1a9461129ae08017c6308435d8220c15e8c2981c002f2234cb021fecc21a4420a200c40401edb0c90a71e2043964400ee0a3400c2700432152401a387cd50e7cd88e098c92941340012a33800252b64388d238c70e76b00e0fc410ff963b18c02d3dd0004c0842102070816a38d08a5680c00c842000189452033d72c00a56305d2d6ad00c493803146c04ce1c8710891454719b1fd28b693840056008015e5628492f3e1833335801040de0c22832f000144801929184441148c902690071011390034017d00021368002d8e0a43f5190017aa8921ea944253d1cda8e7604f195e7f0611117305154a63203bd34443c4000022eb840046b008a088214831afcc319fb58c201627a807da4420f300844a9483107443ca10c29f083985a010a4934c315f0a8c01a6280861800137256d800218c798b379841158678400632a0c909d08318b389240068a1001a1802a086a8241e5000d0b5aa75ab726b48eb42e9f10086d2d5a12888280a265ac422b672a311b5ab3c69f086c132e0169d186c3118e084b1aa35037890053662b885778ea201057d15f36ab88011b22213b3b00207d69085472829337878ab208a30d837dca2b5b760800214c00006d000ab76954215bca6af8000003b, 1, 1),
(8, 'Lucie', NULL, 3, 2),
(9, 'Gwarth', 0xffd8ffe000104a46494600010100000100010000fffe003b43524541544f523a2067642d6a7065672076312e3020287573696e6720494a47204a50454720763632292c207175616c697479203d2039300affdb0043000302020302020303030304030304050805050404050a070706080c0a0c0c0b0a0b0b0d0e12100d0e110e0b0b1016101113141515150c0f171816141812141514ffdb00430103040405040509050509140d0b0d1414141414141414141414141414141414141414141414141414141414141414141414141414141414141414141414141414ffc00011080096009603012200021101031101ffc4001f0000010501010101010100000000000000000102030405060708090a0bffc400b5100002010303020403050504040000017d01020300041105122131410613516107227114328191a1082342b1c11552d1f02433627282090a161718191a25262728292a3435363738393a434445464748494a535455565758595a636465666768696a737475767778797a838485868788898a92939495969798999aa2a3a4a5a6a7a8a9aab2b3b4b5b6b7b8b9bac2c3c4c5c6c7c8c9cad2d3d4d5d6d7d8d9dae1e2e3e4e5e6e7e8e9eaf1f2f3f4f5f6f7f8f9faffc4001f0100030101010101010101010000000000000102030405060708090a0bffc400b51100020102040403040705040400010277000102031104052131061241510761711322328108144291a1b1c109233352f0156272d10a162434e125f11718191a262728292a35363738393a434445464748494a535455565758595a636465666768696a737475767778797a82838485868788898a92939495969798999aa2a3a4a5a6a7a8a9aab2b3b4b5b6b7b8b9bac2c3c4c5c6c7c8c9cad2d3d4d5d6d7d8d9dae2e3e4e5e6e7e8e9eaf2f3f4f5f6f7f8f9faffda000c03010002110311003f00f6b5caf59073434ea8721b354c46e48dca7e94e166c46ec9afc5bdb3e8cf36ecb91dc0707245092a1392464557f2576e18e0d208c6e00026ad4dbdc8b9334b93db152a4c193af1503411f4cf3532c0810015493bee52012c7ce4f34edc853e5eb4d16e1b381c7ad288bcbe48e292b5f50103740793ef4db87604797906a4c86c76a6c922c27e6e4553dac0431dcbab61bf3a96470e32319a0342e7a7349244063078a6af6dc11130ee48cd3a39d51b19e6a374e481d3d698b6f96cf5c562dea05b69940f9bbd02e62e2a210f761934bf6700e76e6a9b6ddec048f2ae72a78f6a5128da7350b2838182281060120934fd0446d248a7ae28a4cae79268ac75ee1610dc16c0033f8d34ddc9f77040a5091e01443f435653cbf2f918358f37743210edb41db9cd28671c6da733328f97a530062db883c568a6932751583819099a7c6ee539183534732043b8eda75ba7da24d8a401d4b9e8a3d4d7546376b97a9714e4ecb7225131191d29f1ef6e09fc2b9bf1e7c57f0e7c3fd4f47d2bec97bafeabaa9db6f05a388d7a80598907819fd2bddbc2da659c1a5c73cfa3a47249f3246c9b9c8f7c8cf3d87a57a6b01552529e87a94b2eab51b4f43cbc4783eb4d9600fc9e6bd07c61f157c3df0f5ec64d6b4882ce1ba95618e0312b4a4938c91d303a91d456dc3a8e93ab0f26e3408d15977c7388362ca0f607b3557d4aead73a1e5353f98f1b684a72b52062474e6b95f8b3f1147c2ef8aba168fa8e912c1e19d55bc81a8ab1c44e4fca4939e3d4715d8ca218df31bacb19e5645e8c2b96ae12a508a94968cf32b61aa51bf3229c92118e82a2170c5c7a55b7747202804d33ece33f3360fb579d2767a1ca31a466fbbc52a99738ce293cbdad80fc7a8a90daf98bc39cfb509b906a239703939fa5279cc010578a8d6074539727069eaad2022aafe426318038c0a2956123ac983456760b91a24b19191827dea6f2246192dc5431b89721b3c77a9fcf089b55bdb9ae5e65b5d15663762a80198e68046e00027de866047cca73eb489e59424eead14ecd6c4d896416f12169e458d0756738007d6b81f13f8f16e3523a669d308eda162580c66523bb1f4cf6a67c6f964b5f879a8cd03c8bf715d9339552c39af02fedd6d6bc1dac2e9f297bdfb04aaf229f994ec207d0935f6594d085487b692d763d8c146308f3f53e81fd9db4fd3be2278c35af88171e5dddad9c874bd28b8ca858ff00d64a3fde627f002babfda0ff00697b2f82fa44cf3dc1bad436158b4eb49713313dddc7fab1ff008f1ed5f3f7c2af1d49f033f66ab0be8e377b89caf90a7a799239639fcc0af9deff0049f10fc43f15c297f78d7f7f7d2b4fb7041c9e4ee27f84679ed815edc2846acdca5f0a3d69579538a515ef33e99b7f89175f1cbe0fe9babff67476f76dadc7188d64795fca2db6439725b8c904e71d3a1af4af187ed271fc298b417d7afef3ecfa8c64b1824529000d803ca3cb01df9cfa579a7c22f0be9ff0b3c36da5dcdccbab6aa7fd6ff67c25e2b71bb71418ee48193ec3a579bfed21f0def3c7138d5b4a99ee2d6cc3cb358dc82b2444824baa9ec48c903bf3dea3d82954d57b86ceac953d1de47d95e304d17f683f85b3db4d35bdfdbdd405ed2f6dce7cb940f95877520e320e0d78b7c24f897249a459c57d279a5653617419b2639e2251db3ea48cd7887eccbf1335af00ebf0e8fa84a1f48d4d5614547ddb5f200723b1c122adfc38ba7d3344f115d5f4aa893ea97170ad9fe20e7afd79aa961d2e6a72d8e7955556376b7dcfb22102401e291590f461dc52297e79cfe15c1fc07d525d4fc010cb772b4b2099c2bb752383fd4d7a10b95dc71802be07134fd8d59413d99f31562a32714303e4f24afe14e8e5312fde63f850ce4b649fc854d0ca8ebce7f2ac95db33225bb0dce491ee287978247d2a4f2d1b2a1b04fb53151632413bb8a87a6e32b97126320f1454a65f2c0da01068a9f77a93a96e11096e1471cfd682d048d8c286f4155a1b8c39022239c648a7b939e8bf954da36d15cd2ec99a049016391f4a661130abf35392e99571b377a6052ab79b20223a7cb16b60ba286afa6db6b7a45de9d770efb7b98cc6e3be08fe75f28ea5f0eaf3e13ea3ae4572a0e9d7816486e5470e89b99b8fc811efef9afb1f4fb39f51d4a1b4b784bc92b6147f8d784fed4da6ea27e238f0e2db4b1a9b386d2cda68f0b73bdb2ecbf466653e80735f5192caa294b5f73f53bf08a4de9b187adf82ed6ebf65ff000fc32112eebc8595c9c8c61081c7b9ae4b5dd1ac7e16e8b7773148dfda92422d125ce5902e036dcf4f9b77fdf22bd17c137525c7c0d874cba4f31b4db989d936f45570b9c7e0b5e2ff001cfc42baf7d99622517ca05b737f11cbb13f8b7d2be970ab99ea7b15e568dccbbff1a6b7a7d86929e1cba9a2b482322e62864ccb75211f7d891cf3df3c62ae786fe206bf214b9d5ae4cf74973be10ec0b08ba3c4c00c01df9c9ae2746fdfdafd905c9b746c2c8db892dec077f43d29f767edae57ed0df6d84f2caf95917d8f5fcebda693563ca4da773dcbc11f0a74b9bc59a05fc4244b65bb59a24639555cb76fcbf4ae0b46f0a6a3e3488e83a52290faacb3c9f360247e64b924fa74af55f00ebd25c786ac6e2d079973696930407bcccc1231f9b2fe554fe0ee9575a0f8f56c92ce53736324b6f7c4a902320956dd9f5ea3d6bc1ad51d285495f5499d955da9a713dd7c1de19b5f08f872cb4ab442d15ba7cce472ec79271f5cd6cc651a4ff57c74a7a4fe6390adc639a9906003c007b57e752a92a927396e782db7a91700e15791eb52407f859541c66965684023183f5a8010aca51011df9a6a767a00f126d724c39c77149bd197705c7ae6a479b6a67681dc8a60816601fafd29bbad057657da4838eb9a2a4b98b804648f5a2b3726b424984b20c608e7a7152c5332805d73db38e94d13dbb6ec74c920e688ae2250489323ae0d6aa1ae8cbf98af3fce429241e01c54097134720dca39e2a65bb8bcf2194900f6a575de0f96c5303f8fb552a7caef7168ceebe114665d6ee2ebcb044316d0c47dd2c7fc01a6fc5bb49755d12e92ea28aeaea295d6daebca1bd159064a9c70492d9c7d2ba1f86b62967e156b82732dcc8481ea17803f9d729f13b5830e83343131f37cb6527fbbebfd7f3afadc2c3d9e1947b9f4d848724227ca7a4df5ce8ba1dbd93ac72a5d44c8c07fcb6073cffbc08cf3c715f2efc50d4e6d121ba4963c5cf9cf8eedb41c01f418afa9be21e86d63a15abd9e3fd0006553c123d33ebfe79e95f3f7c61f016bbae587f6a69766f7b6abf35cb205de85b382deaa08ea3a66bd8c2b5164e25368f245d69cc69223e0483702bc1e6b4749d60c3aac01c9e41f989fc79ae653c27acd9db944780ed3b551c9e2afe91e13d6b56d4e3b34449276509b210c49e7927d87f4af579958f3acf63ea9f805e241656024ba8b75a3eb31796ae0138ca64ffba037e6457d8fe2b11bea4677893cae0095463cc0467af72086fcc57c9ff09bc032685a55b5a5c4c65097b0a96073d0e4e0f6e4d7d75a15bc79b4b3b9ccd06d61fbce723b66be6f16bdaf3a5d4f49d0f6b454366738a618db1101d33834c67c8ca82467039e6bafd4fc121243269f97551931753f87ad72a23852e4ab3fcd9ce0f15f1b5294e1a491e0d7c3cf0f2e5a88a263720b0424fa7ad4cb6f248e3f765188ea7a0abea23190cd801bafa54724a8ce0094e7a673c572aa7cbb18a4994c4336ec32f04e33ed4f0ec2211b65541ea2af4f20545c707a7ca7351f9a123c61589eed55adf515bcca9cb7cab212073454a6ea18ce481cfa5159be4bee172ac698711965604f1ed56194460020903b8f4aa60152aae54e79c8f4a9e2b940c7cb6da0118e2b58b4f40d0b3842155558eee38153da5835c5dc502827cc6c0cf41599f6c68d80f9f76e39cafe35d1f842f16f6edfa8648d99063a9e07f5ae8a518559a85cde8c154a9189eafe1696da2f0f24312122204024723a9af22f89b3496d74d2a8f36063b5c2f3b738fd39af48babffec08e0b66c42d342af9e7afa579d78a9bceb86775dcb29c7cbdb039e3f0afb68454a1cad1f4b2f7363c47c7f6971676fb98e22753900ee383fecf71577e1cf840eb3e02d46312c615c2aa803a819cf150dc5e4cbe30b6d3b558d0d938609348d904019da73df1dfbd7acd9dde931e8f6aba7daa59430b6e92e0b050477ef4a9c650bdc2538c92b1f0df8abc049a278df4bd358199ee6e24dc0770bf77f3c8af6cd23e11597827c177baabf950ea324403498f9d73c9c7e55c4fc49d72c7c51f192d6ff4354b9b2d2a48e2774605656dd972beb819191e95f4ab0b0d474b923bb8cdd5b4964a3e51920e3835d7ccf45739d72eba1e51e168ee2d347b464652d2ca1d9f6e475e3f4fe75efda6dc2dadb2decb749348002369185c91fcebc507d9bec70c36716ff3ae311c4a41c01c648af52bdb5369e0d2a34f6b6b82501b9cf7dc3fc7f4ae3716d49b3a632b3563bb1e22d8824560d919241cf1585ad69ed7f9bd86210b67e6017a9ec6a1d0a02f6c9cfcfd4827f3ae9a0479a008d18d9f74fb8af1e745558b8b3b3154a388a5c8d1c2b896de52254c93d877a89e444555284be7238ebef5a1aa452e9f7cd0bbab153c12392bdaa91bc3236e640aa38527b57cf4a8a5269b3e2251e56e2f7433ce8a49180708e3af1cd48ca8ec70092383f5a6064443f2e1b1f78f527b7e153432e44c32031c77e2a1524b7122b4d034726d442cd8c9205153fdb234255b2a413c804e68acbd9d35d457b9242b0bc2331824f6f4151bc51471b2a46036474e706a93c92db8573e5e0e41da78c0ce29d109963dcae1cb73d718f6ada528dd4530d7b137d9ee2589371f2ceec0046322b7fe1fc122f8aac6ddf2f1dcb346481d3f88ff00e826b9c9aee412e5d480415c03ce2bd1fe1ae953450c3adcc763333436ea476c0dcdf4edf89aebc2413ac9eba1db834e55958e8be2f688357b7c2168caae03a1e9ee2bc3db579ec0adb5f26275c2898fdd619fbdc9ebeb5f45ebb09d490ed5dc31865201fc6bc7fe21f87a016323903e519000ed9e79fa57dba57d51ee6da1e5be38f0ac5e31b230a3ec68e37449636fe36ee4fb71f857cefaef86b57d6e39b409b5fd5d92094c7335bcca23862f29dc3b83f78360f191f77ae4815f51699a34fa54b704ab5cc2cb98c03c2f53cd784684d1cde27d462d5eda54d42f6f3ed1e5cb06d5da32a36be3a8f332467038c838e7a62d3b36724d34701a37c1bb9d37c3c6fedeef51b3613c51087cd452db9b0589d84a8523e6033c679f4f5fd37c19e3068a3825f10cf0dbec546d91ae76e785048c9f7cd7b1f867c0b69a85b6a30dc4c893daaa1851a4088091f79b2a7396046179eb54ec6d2ff54b98eda2658a718de54676a9ed8f5a271ba4d9a2a6e2afdcc2d07c2965a00f267b97f3656599001be47f61edef5e85e2cb9bd93c2864b8805aabbaac2a5b2c7e6073f929ae97c2bf0ead34d712ca3cc949cb3c872c4fbd41f194c56fa159c073913aec6db8c707f3ae2c4fbb06d9d3455e4918de13bcc4c8adf2951c0fc2bb53789989003b8039e3afbd7956897fe45f23125c1c8fc31ef5d569faafda350501847186009e071e95e35395cf6ad645ff0017e99e4c306a091e72c6163d7d48feb5c7c97290b80c0b329fbc79007a7f4af44f164f15df83a3477604ccaff27de19cd79d9856d0abb1dc58edc8e739f515e7e2d72546d1f13984796bb6ba8efed08dd43a8ea7615c608ff39a8c9dcfb000369c1f53ef4f648d991769e1be51d33e951c0abe7c848676fbb8c719ce4f35c5356f88f315c9828fb43a96126003b49c6334554bf9d2de359228649198e36aae4e067934545e0b7422d5bc2594efc04500e33d8d4bb3ecf1c8f8da91800ed1c8ea39155e6d52da6986edb1b80300a9e303f2ff00f5540fac33fef5642b26d2853683d31d7f5a8bd35a1d365b85fddaaae7cc468f21c95e3a37eb5ed7f0db5187c5be1bb4f2388ed330e0af46182dfcc1fc6bc264b9b7b968a408162e493c7007635ef3f02fcab6f0bb3b01123c8cf8f5258827dfa7e95e9e035a8d5f73d4c03719b6bb16f5ed6a3d098c725c10dc81b9700fe95e69e2ad6ceb5a65dcd60375cc6acad6efc6ef6fc7d6bdc352b7d2ef2e4cc46f7036b232820fb578ff00c48f879a81d52df54f0a886304ecbab399b66e5eb953d3afae2be96f18ab391ed72b96aa2795e85f15b4dbcf0e3f9f34705eda2325c5b3901d0af1c8af39f86dae69fe30f13ddeb935cfdaecd242f6f0a96f2e32db59b20e32c08504e3036f1eb5e3dfb54f85b5cf0cfc458f588b489b4f48a0cdcc92a3243759cee0b22fcac4003201c9cd6b7c1ef18e8fa67c3e6d5124f26e6167f3601c639c823f3edfd2bba9da51bdee70d4e68bb347d05e3af1cd859d8c11c76cb36a17327936b130cb16f5fa01c935d9f810ae87a679f743c991be67964277337b0eb5f2cf817e2769506a5a8f8bfc4f77141e5ab2d9a4c47ee621d947766efdfa0afb4be0ff00853fb7b47b1f10dce6efedf1acb034a415446191b474e9dea669b7a6c5d36ac6ef86bc48754256de091769c1918107f23d2bcf7e2f5cb9d76deda4667d9fbd28dcfd0ff3afa1b47f0c58695148f2aa09e439caf6f4af11f8d2ba641e36b796f2e521692dd15558e371cb7f857958bbb8efa1db4a508bbbd0f38b3b7b89a4578d0b2825b0a7fcf35bba64ad13049186f73f331ecbdeab6bbe38d0347b4105ab7da6e8c7b8410e3924773d05721078b2f75584952967b87cc506e703b8f4f6af2d54a746ce4c788c6d282e5e63d1bc4be31b6956dec219b6ed725ce78e074ace8af9249e393f76c4382b93edfe0338ae1b4db1b48a46fb4492cd339e242d9c0c7a76ad881e32e21dff00c24ee3d71e83f1af32bd655a7ed2e7cb57abed66e4750977397f312da3755f948ddc8e78c7eb51cf7b3493ed8d238dce58edc9fc7ffad5896133c83698de56237479272715a315ccb3195047b9492e021e48ff000aca3353472d91759cb007797cff000af07eb45515bb9a0630c681f601f348013eff00d28a4ea463a02b159b4d333b194b0da48c37dd6ef91ebf5fa5543a35c666dd32b5ba9dd841ca8e806738eb5d09815bcc125c3bb3118651d39feb4d82de05bd94ee0849c48b20c9cf2547f2fcab85c12b5996accc0b8b4952d633048c12305485e7713dabd274df1f58683a469d0dbdd2c31470a45f31c64e393f52735ca02262f03754195665f949c77fcab36eed20b8dc3e619e02615b1ce7f21ebef5bd1aef0fac753aa8621517747d13e18f17e857f6d1f9ba84511db91bd87e79f7eb5d52269b7ce0ace9220191b181ce6be37974d3390a925c46df336d0dc119e47d335bbe1796fbc2ae9716b74c40e3fd69c1503a119c647afb57af4f33a551a8cd58f5e18f527d8fa23c51e00b7d76d2e22bcb18aeece642b2dbdc22bc6ea7a82a41cd7c25f1fbf609f16e8b77a8eadf0c601abe853e243a199c473c079dca81b8914718e73db9ea7eff004f8a3a3ea3e195b8fb7456d3f92095908c86c9183f8835cb68df13f4fbad0a4bb7315b6ab69379727cb957607a827a822be8a8b8d37cf4e6ac6f52bc6bc2d3dcfc8df0efeccdf177e2878e2d3c367c39a8a450dd2c377ba168d2ce3de03bc9bb017039e4fd2bf6574bf0ac1e0fd0f4ad034a458acec2de3b6854b1f9511428c7e02be7cf885fb48c9a0f8e353b1f08e976fe7df3a25d5cba630a3ef3bb13db2db40ea71c8cf13587ed6fe6ebda7c57fa54d1585ac9e43ee80bab8c0c386cfddc6403dcd75d592af1505247261ea468cb99bb9ef7accaf6d65349239550a727d2be50f8c13c5adeb76ba9b49fda11c91796d1af2632ae4707df39fc2bbdf14fc4e3f13b4cd7ed246fec64b62cfa5dcac857cf233b51bfbc1973f4c8af27d3743bcb98edd49f2f200607f839e839ebd7f3af9acc2b2a2953dee638ec473ae54b731b4f5449c442294aab1606551c13818e3b0ff3d6ba345369fbe8a050c9fbb0179dc79c7f5fd2aedbf862468d518bc9233f120380a36e38fa73f9fb549a6f87dacae1a5495dca7ca4b2f09d7e6c679e476f5af9f8b77d4f1ad62313f9c1192df12b10a06003dbf2ea2ac4ce61943c69b42e30bc12c7009cf35a9656e25819d891877941e3e5278c0f4ebfad57be8e353265879a307257d0e401d7b1c7e15352578a6166356f8b48bfbcc753f28f5e808ea7d2ad33cf264c6146181de460f19fe5fd4d665ac837468906e3bf1d704903be7b60d5d854a5bbb08bf7bb80527042f5a98554d6ac4470586a2669245dd213c64b01b46071d7f1a2b5a1578c6edc559872bc003934542705a7305bb90dd4ec228ca71e6019c9e99a45d4dcdac8f20dc157057d7fce4fe74515c939ca325661d024791e357772411f707419c60fd6996b709e52ed53bd932d9e9cd14565cf27adc2da972cef53e6658f7020121bd0f41fca9d148a2040918588fdd8870a09ce7fcfbd1456f1936902dec4967025ce115421fa7b66ab5d19648c159360cf280707ad1456539c952ba65b4666ada1c1ac4493c91464c4c300823240ef8ea3d8d646a3e05b349a2981625593647bb08aa0f4e99ec3f2f734515dca528aba7b1314ae8d9b7d2a09eda308a087c6048385f973903a54da7e9bf648e575989d99c2ed18193dbf5a28ada7ef3bb154d2d6342d6cdb61752bb590b61875e31cd5616e2339c677ae5813c1ff0039a28ac6b3718ab1990856b768e1562232303b9ce7afe7fd6996df679bcd9990b0c73b87500fa67fcf14515e529cae95ff00ad0d513c702dc5d279788cacb804a8c93c60feb4a232d344800550c1c9ea71e9d3eb4515d947de8ddf707a3d0d54b7b79e08d678cb85ce30c7e9451457b7eca0ecec4dd9ffd9, 3, 1);
INSERT INTO `pet` (`petId`, `petName`, `petPhoto`, `breedId`, `ownerId`) VALUES
(14, 'Bengal Cat', 0xffd8ffe000104a46494600010100000100010000fffe003b43524541544f523a2067642d6a7065672076312e3020287573696e6720494a47204a50454720763632292c207175616c697479203d2039300affdb0043000302020302020303030304030304050805050404050a070706080c0a0c0c0b0a0b0b0d0e12100d0e110e0b0b1016101113141515150c0f171816141812141514ffdb00430103040405040509050509140d0b0d1414141414141414141414141414141414141414141414141414141414141414141414141414141414141414141414141414ffc00011080096009603012200021101031101ffc4001f0000010501010101010100000000000000000102030405060708090a0bffc400b5100002010303020403050504040000017d01020300041105122131410613516107227114328191a1082342b1c11552d1f02433627282090a161718191a25262728292a3435363738393a434445464748494a535455565758595a636465666768696a737475767778797a838485868788898a92939495969798999aa2a3a4a5a6a7a8a9aab2b3b4b5b6b7b8b9bac2c3c4c5c6c7c8c9cad2d3d4d5d6d7d8d9dae1e2e3e4e5e6e7e8e9eaf1f2f3f4f5f6f7f8f9faffc4001f0100030101010101010101010000000000000102030405060708090a0bffc400b51100020102040403040705040400010277000102031104052131061241510761711322328108144291a1b1c109233352f0156272d10a162434e125f11718191a262728292a35363738393a434445464748494a535455565758595a636465666768696a737475767778797a82838485868788898a92939495969798999aa2a3a4a5a6a7a8a9aab2b3b4b5b6b7b8b9bac2c3c4c5c6c7c8c9cad2d3d4d5d6d7d8d9dae2e3e4e5e6e7e8e9eaf2f3f4f5f6f7f8f9faffda000c03010002110311003f00fd4510806be27ff828ddfea1a47c38bd9adec9ef22546255549e31d6bedb525ba73f435f3afeda73d943f0b7513750f98ab0b9c9192063ff00ad5cd561151bb2a1b9f871f0c759169e35d2678ed1aea67ba0a90a0ee587f2afdfafd9f6d6e6e3e1ce9af711346c635c83c7615f8abfb3bf87ad9be33e8ba87f66cd3d92dd1c3244c557278c9afde9f030813c3160b0a79518897e5fc2b7adcb56a2d7643778c6c687f67376614d9b4c2e305b9ad12eb8e2a16940cfb0acfd9220c2bed28ac44ab81eb935f32fc72d285bdeb348769f7fad51f8e5f1caefc4df13e4f0ae9179241a5696fb2e4c0c54dc4e065b247f0a9e31ea0d55f8d5a84f3783348d45c96dc3c895cae32ea33faa907f035f3388c552ad565462b6ea7b71c0d6a14e35a7b48f907e2ae9715ef8aed0819db22e6bbdf07e9e2d2ee17030a1475af19f1e78de1b4f1a5a4529cab499ce6bd6f4ff001969d25a5b98a45ddb319ddd2bd5a30b61b5dac724d7ef11edaba9248abf3f418e2a0ba78af2178b7805c639af32ff0084a8003f7a1463fbd4b278c4a44cc2453b47ad786e5193d4ede57b8ef14fc41ff840346bdb69261b0e728cdc11553f678f12d97db750ba8ee2355965de39f535f207ed3bf132fb50d43ec51cc42938247a56cfec9f6de22f112dc476b792794ac3003735f618684a7420a5d0f0eba8f34b43ef4f13f8dede4d41f374a00f97ef57977c5ff12da5de9574bf6842fe5e010d9ed5c3f8b3e1d78c639d9c5dc8437f7bd6bc6be23687e2ed36ce7925b9723196009ae9a94a53528a7b9942518d99d17c24d6a0bbf1c2e990f7209c357e89784be1f86f0fdb31504b0c927bd7e45fecf3e2d9343f8b76525fb191e5711f3eb915fb41e08d75350f0cd9488a76941fcabcdc5ce54a4a2f648e8847da46e87e93a435826d2303180334568cf789bfa67ea68af1653e67766aa91de8f17ba8c0000fad79ff00c679ac3c59e15b8b5bb923f9d08c487a8c54f3df62363b80c7a0af8abf6a2f881e35d1ef1a2d215cc3b8e49ce00ed56f13397bada3b214af2d51f467ecf9e16f0b681a4fd94ada2cb137ef10a0e4f73ef5f47699adc36d6491c4c0a28e315f923e1af8b3e3eb0d396648b7cd805ca29c9afb17f66bf88daf78a343497578de390afdd3c5678694b0cad74db155a7cdab47d4f79e287404a1ddc74ae3f58f8abfd9715c19414644665eb8e0669c75146e08af21fda4afaef4af87f24ba5ed8aee69e3469986562881dd213f5552bc7722b4ad8ba9083927b13470f1a95230eecf9afc1f3197e285d4d3ca6559e577964c677331c939fa9eb5f417892c62f14785351f0f49708ef101716e84866ca8c9239ce366f1ff000115f33f86af21b4f11c12c0df6b890656652572b8f43fc8d6beb9e3ad42c3e2168faad9a4ad630aceb281cee3e51c29f6c16fcabe4e72509c5b67dc6360a71e5e88f23f8aff00b3aea1a86b5f6eb7762d19c8009e2b87d13c21e26d2f5d097492b5b27039e2be9cbef186af78b194b45959937490174578c9ec41393c73c7635cc6a7ae39d41a1b9b292d67033b248ca903d7debe9e1886a972a778d8f90f66f9eef7311526891431db81d3355eeeea58eda421b8da719addb2d12f75cbc54b74cf7321fbabf5ff000eb5efbf0bbe0be97a4d943aadfc0ba84ef86125c4784cf5da8a46323df9fa578d3ad183e58eacf59536e3a9f96df17bc39aaea5ae79f1da48e0e4ee23ad7d01fb116a49e0c9245d4e0303972c37715f517c69d3b46f1a4f2e9a9636aa20ccd1ba4414a95603193ec5811ee2bcff0046f847696abba040808eabff00eaafa3c1e6ee54f97976d0f23138054e5693d5ea7a778bbe26e8b382aa8ac4f4c1af9cfe32f89a0d434db88a0b591cb2100019ae87c51a1268323492b31504606eeb50786e7d335c99e395048070727a577ff69b7b238638369efa1f207c3df0deab0fc4ad36ee5d36e56d96e4317319c57ebefc30f124117846c9092a5507047238af972d2e742b4d663b710a6ecf1f28af61d1f5316f668b6eccab8e39e057062711f5869be86d4e8f2dd33dadfc436efcf980515e42fac5c8ff0096a68ae1ba2fd9b3db84c7072ad8af24f8b5a7584b60ed711ab375c915ec335b4b82029af1df8cd67702ca401090476af02a575cacf5e9534a48e03c07e18d3ef796450a4e00c0af7ef08d841a3d92adb46a8a071815f3bf822eae6da4893615cb0e2be90f0dc7249631311c91d2b3c357b46ccdb134d337d351900ce05785fed2175ab78c60b2d174bbd82c6188efb8b8949249c8c2803af4af6e92095626654390091f5af8a3c4de2dd5751964d68dacd77a2a6a652f1a06f99b01895539c90a14eedbebec73b56ab29ae4ee6585a3fbce7ec4fabda69fe05f0daacf7b6b6d705490d2de47035d498fbabb8fae7d854da559e9926a33694a626bbb4b04d475abfb86263b1f323dfe4a9cfcce467d867f0af3df8cde1f8b50b8d6ef7c33e1db3d76eef6e228b4e5bb05d6dec1a14d92206393860d9393860c0fa5743f0bbc353e9fe05b77b8bc8ae3cfb896db50b90dbc5d7d9e344539ee14fc9c70769ae7ad469d0c3aad7bca4fee3b2389789ad2a4d5ac57f0c78aecb50d76d2d7508fcbb258a6d4357ba5cb346acad218c1ebf223468075dca063ad761e2cf095c5de9f66c63b88ad463ca8657224b777c3ac4cdd72030049e38f7ae79b40b1f0bf8c348d4f514916c6f6f56eee1106e12a23acb865e7e5dea84e3038c77adbb1f8cfa5f8adbc509733c2faceb1e240ba6e9324e8929b0550198a1209dc41c0ebf5aa957f6b071a29dd2bb0961dd36aa35a1abf033e1febd7ff00146fedb579d2d6c6d2342b116f942950d927a64fbd7b37c50f8951d999748d2ee6dcd9c4a15cdb824a8ee370247e5f9573177a4de47a05d5b69d2c635082d7e4f394993cb033e5939e7032464e78af18f025cdc78ca7d4daecdc4f776b6d25c6e8d0988ecc7cac4f2339e3dcd7153aca71724fde3d6a14633a9cf53e1475de26bf87c2da0dadf5d32addea2c52d519b2de5ab29790fe2140fc7d2adf85bc42baa5b6221bbbf15c37c4b4bef17788d2e5a2115bdb42969045193b6345f4cf5c9c9cfbd7ab7c03f0aac76644e9963d33e95ec60654d5a3d4f1730bd493abb9e5df136c26bb8e500120fe95e67e178df46b999a5cab162467d315f5d78dbc2f6ecf28f241ebdbad79de8df09f4df15eb2d6f7731b58b23257835e956ab4f0f172b9c54b58da48f05d2f51fb778e55f77ca08ef5f4be95cdaa7fba0fe95a5a77ec77a0dbeb693c1ad48cd9e84ad7ad41fb3ed9d9db26cd51ca80064e2bce5995297c26752096c8f26f2c850796cf7a2bb4f11f82bfb09d23867f39738c9a28788849dc1534d6a7a3bf881ca13b72715e47f1675e7646055b1915ec4f616814952adf4af36f88da25b4caf939e3a0af9fa953dd3daa714a68f1ad0b5468f508f6c7c96cd7d2be0fd6b3a643bd39c739af12d2742b74bf8d97b75cd7b86816b08b48c15e00ea2b0c34f536c4462de86beb7acb43a1dfc96e8a655b7919371c0dc14e2bf3cf51d53c49e21ba6d1aced12c34d82755b0b48549c364fefc3ae482c4b673b81ce0f19afd02d6a111e9374d1c618ecc2890e075e7f0c578afc35f0547a378ee6d265916fb4cb9679a278edd425be493b19dbb67a57a4aa34d28abb6614b96176d9e53e19d02e34b49f45bcba99f52113cb710dcdaa322e5416f2d597ae7b8f7c5657c39d6ecad34bb5d3ee24892c62668a389795dbb89c7d4f71eb9afa053c43e15f005eea3ae6bd7296f791cefe5dbdd4ac012091f2ab315c639e00af95fe1d69ba37c67f8c1e2bbc8b5997c35e14fed36ba82db4e41be590e5997272aabb893923a01d29d3a1ede129d57648ec857a6b46ba69ea773f19b55b9f16f84ed741f03d879faa5d7cb777b1388e45b58c8678a366e03312bcff00b26be7ff000e7c1bd4b53f11eaf673e9ed317b530e9705be63b882e8b2b2cd213c8da5792dc609f415f460b39ecf56ff00846b4ed35ae608d89413bffa5ba1c664edb86dc93b77751d315e1fe34bed7b41f106aba35f5f6a76ba64170d979de508f16ee705727233f748e83b1ad72fc4d5a69d2a765f9bfebb18e27091aae32e6b1f4b378aaeed75997c3fac5ddb5dea56b0a491ea76d200b7417e5937a8fba7a0efd463bd37c25e09ff008431b53d52c2e5469daac8b1bc0493240872c5467a82c3af60b5e277a9a2f843c37e0ff1af876e5af34eb9bc7b2bcbb94b92fbd7ca66c393b406c1c7b57bb78049d634cb38aee7f36e6d95639f61f97cd237301ec338af3ea43d9ae75b3ba7ea12bc7dd4f416fec2d9225655383d38cd7a57c2d920b1b2c6cc92339c74a359f0c59269503ed00727deb7fc1ba25ac76636b73b7a56f427ecea238eac79a36296b77d6f7323828093ed5e59e289e3b59b75b3b412024ee5e2bd8efb45b4133e727e95e7de23f0fd93dc721b04915ae32bde36b861e9451cbf85759bd6be53f6eb86e7925ebd7ecf56b931266ee46f947049ae2341f0cd8c2eae735e8f69a2d9346a0336ec0e6b8295589ad4a716ec67dc3c572019246723b9e68ad46d22cd1b059b3456dce65ec91adfda5a40524f045711e2fd434998b797bb07a9c76aebee3c2b1c8ad8940e3bd727ae784d919943afa1cd79d5669348f4e9d257397b1934c3a84210b63d715ebba35fe951db47ce7f9d795daf825cea0ac5d76fb1e95d95cc117856d6c2599d4a4b2040c7a03ef58d0769686b8884772978c7c716975e24b9d06de60b1c562679383cca48d8a4f618049af21f1a5cdecb168fa8dc5d4da56afa786f216c8b7d8dd8f671d87b9e95e79e26f88f79e10f8d1e2cd4b5447fecb0a0a16042905028c7d30df99a4bff008d1e1abbb33e6ea6a8b302364af80339e0fe02bd6a8aa5e2e0af738e94124dc91e8a350d2fe2fd9247e27d2ad67d4122cf9ec0329c8fe13f8561f873f665fec7d62d350f0eea36be1c695bcc922bb97f753ae7e618f5c74af0f9fe23e876f7a24d1f55c18f243a4bf28cf246338ae275ef8faf145716f36b1746e173e55c45302539eca4e2b4a50c4b938c53f43594212575248fd10f0cfc39d3f46b2bdd535d9a0b86b76668a485f6aaff007481d89240c803af39af94fc75a8f833c55e29bcb7b53736dabb33922446915dc673cfb1fbc0f209f4c9af25f09fc717d473f6df155fdf5a79d14525ab4672db92404123b1207e42b7a4f8d57b3dbb1d03c3cc75069805b99d006900c059c0eb8daf193c8e1bfd9af4a3807a5a16b79dbf1673fb6f6526e53bdf6ebf87ea69e9c35ef0df83e6f0ff008a1b4eb7d1fed0cda6e9d3421ef19d981d841c80bd324fd715b9f0b3f68df09fc34d42ef47f16a5e432b5e3bfda6dd16455c81f2900e4722bcdfc7175e2029672eaebbf531049712ceab9da806579e8704e081e991d08af0cd52e24b9d661b9ba8dde4b94f3a4f37037804893f1c8cfb576d2c143137751e9e5a6a73d4ae96a8fd4083f696f84be318fecb67afb078c0ddf68b77882fb1c8af52f086b5e16bcb6492cf56827078fddca08fe75f8f1a45cdc6a502ded86ab0c66d6410cf0de0c6f5278ddf877af46f0df8f6fedb547d3e199749d4548961cc8de45c263a293df8e95cf57284a5cd4e462aadd599fab537f6397622e90fb673583a9db694ce3f7f191ef5f0269bf173586b2304b15c46ead8965b4bb74e9dfe6e9f9e2ba7d37e376a36ab134ba8b42ae447fe9b9936b762307e6fcebccaf95d69aba68e8a75a107ef1f6ee99a46952a822e6353d715d8d868da7b221170a7f1af8bf47fda1f4bd2a4f2b56d46169c866544c0ca81ee783ed5ea9a1fc75d305a879a29500008214ed20f7ddc8ae58e5b89525648753114adbb3e80b8d12c49056503b63345703e19f1ae9fae5b094dc2c51b28747471267d8e3a1a2b5fecdc4ff2afbce4fad515d5fdc6dbdebb642ba2fa0df5cd6a51cd35c36e901cf38df4c5693071b71ea5b9acfb990ac84f988a48e066be6e73bbbb3ea2952d4864d1aeee6f008aed6251cf5ae63f682b8d57c33f0be5d65673731e99710dc4b147c93186f9bf21cd74b11633ab79ea093eb5b5ace9306bbe19bed3aed63b8b6b881a39233fc4b8c11f953c3d551a917e7a8ab53691e35e10d4fc2fe3ed2aeb50d4a2b4d4a07584c7bd030dcc31839eb8cd721f1ebe0c7873c65e1496da27b0d1aed540fb608c028b9e71823af4af2cd53c1779f009fc596365637facc7ad40468b1c049f264c9e0f1c6304fe22bcb2ca4f8c5ab68d3dbea50ae91616237cd77abb6c5661c8009eb5f674b0926d55a15124b6beff0071e23a9caf9671651d5bf678d3b489a6b2835ed4a7c26ffb46c090e3f5af37bdf87be1fd36fa4827d626bb98121522c124f3819af58d43c3e97ba728d7fc5b7ba95dcabb52dec23f2d719e481d4af7c9c02315cd41f09f4e82566b78f5f507192b1282e39e8d9cfe15ee50c4cd5dd4aadfa2d3f2b9cf528d3d3969fde5bf044369a0c71c365a7b098cc8e138cbe0139e7b8e47e35e8ade3996392dad5618ecf798da6b82a1be4da51d40eb9191d38f96bcc1208fc3f33a6891dfbcf3c6d14973a8c9b4aaf7008ce3a01f855a136bef1156b3b7b3b68d02c5784e191540071dcf7faf35954a5ed25ccddfd5fe87473a50e551b1daf8bfe204be22b7b5b3b5df1dac2403bd48926741d4ff0074707fc9ae06efcbbbbe31de8304b61280b247f32379b95dade8735a67c25a46b51df4a9abdcde5c5c167594fcbb7396d800ce01ab7e18f0d5e5b691aa6b37f6be65d4ec8f1da338da553950dc7dee33554fd9d28be47e5db539a779a4731e0eb2857c57ab787751b2f97508b75bb6d0acf8c86fe79fc2bb2f0ee8d65f0eac67b7f10cb6da9e9b2305b6f362ccd064f2093dbd0827a553b9f14584ba5787bc5b1c00cf15d05921d844919e8ca1b3cf5ad4f8c9345690e9f24e629ecaf7948d972e80f507357394aa49412693d1faaec65caa09cb76b6f9f72bff00c2a76bdd551a5d72e6e74390798159cac880f23693d6b67fe119d234bb092d55af8db03b93cd977156fef0f4ed576ff5ad17c23a2e922e4b5c5af90850dc49caae4f00fe39c62b46f7c33a5eb1a2fdaac669635bc53f3a1dc8ab9c82df8e7a560eb55d39db51f42d5385bdddcc3b58f4578c585c496f7c0fccc6eb2ee7a6029ec7ad68f85f5ed2ad649e0b0d767d29f763cbfb43657fe024918fad667843e1b9d3b5692f357963bf8e15fddaa81d73d4d69788b46f07d9ea4f3ea16f0c535c9023276853ea41f5aa94e119f2464e5f22541f26a8f4bd1b5bd54e9e9fd97ad5ace1490f23c3b09cf239539345721a1780f4879cdee95713a453c7f76ca7fdd9e47a67907dbbd15a2af15a737e08e7e4f23ed8fecf9724b38c7d6b2eeac15ee0ef77f97d06735dfdce9b1c5f7972a7b06e6b2e7b38da4c08c291eaff00fd6afcba738ae87d742ac9ec7236fa5817487cc665eb8c575da659c0c818971818c735567b8d3f4bc3cef1230e76890331ff00808e6b16ff00e2d6951e8da8be8d716935ddb465ff007ec40461d9946185552a6e725ca88a95a495a44daa5ddbd8417da7b4077a485e372833b594720fb74af08f1a5dd86bd7d3d9cf64f7b2431f9cab73fea635cfca7d0b336719ec33543c11fb484bf1b0ebba55ca45a56b565b830b7f99080301d09193915c17c48d47c55ae5da787fc2f64eb68bb56f35698fde73c1c7aed1fad7d0cb0752157d9d4d0e0a738ce3cf1471b23bdcf8b24b3bb10a099cae6d176c80f6e07618ea7af15e9da768167a5dc1b59adaf2e0c2a641752c65e207d41fc6bc8f5ed0357f015e5b45e1dd97fa849813dcdd48060f1f33127bfa7a57af787bc65e2bd03c30b35fe8d06b7328dd22e9130ca8f4da739c67a815e85483e58ca124fa6f67f70a72b69b1e7de2cf05c13690d32ccaf713c9232fd9a16c9539240c0c838cf5f7ae52f7c257034db7bc7967578adccc903866558c82003f28f9bd73cd7b9e87ab6a5e24d72cb555d44697a6dcc65a7b0bfb5f2e5700e301b38febed5917916b5e16d4fc42f796170fa25ac62e2d6450654650791bbb71eb5d34eacd69138dd9ee7cff00aadb3e89f0fac6eecb75b3cf12b9763b55cf25c608c8e98cfd2babbe96482da578a0fb425c5ba092de462dce541c1cf07e6e0f3d2a9fc50f16da78abc2767776d6af0a35cb5baac69b7041ebf423f515c4c3e27b7bfd6e09d9c79360c5e7dabf3392c38e3ae7935e9a84aa414dc6cd362ba8bb7733c689aac4f65e187791aca5ba1731dc31c2851c7cc3f1efed5f426a76161a9db69ab78b0dd7d8d5702400738c63a119e9d3d7debcf352d6b769f2cb1db24be6e41661bd940edf81fe55e7fa07c64bbd1fc4ad6d792b3e9ecc2272bfc383d467a5538d6c6abc159c4cdfb3a0ed51e8cb1f11e0d435af1543a6c56d3bdba1dabb57f76a09e0e3a74af6ed21ec3c19e14b2b66df770c71e099cedd871d8fd7fc2aadb83a859c77965691cc0af98275031b58f5fa8eb583adc93f8934d5bbb5ba2e2291a2ba11af191c364718e9dbd6b09d775a11a4d594471a6a9cdc96ec7f86fe28d9ea9e219343d62c7cb81a568a1793e7041ecd9e9d6bb4f10fc36d33c436fa5c37914cf6f03010ec9721d7aed6c7f3af23f18f87ed67cca900b5b82a5d64ecc719e4039e7d6b7be067c50b88f594d035f98ac138fdd4a1890ac0700e7dbdeb59d072a7edf0da72ad49f69cb2f6753a9e9f0cf6963669069c24b5b580f97e4c6a64d87d3f4a2b5fc65e3ad33c12916f9ada5b79dc95576405481ebc1f5e314579b08cea2e6e4b94ea453b367d13ae7c72b9b4d91dbdac72bc93796d1875678c7f788cf4ff001ae6d7f684b7b27035296087e7d921230bcf420e2be6b87c33af6a3a6db5d58ea36f1c17b3f942e24b8f2cc8e4e00c1f5ed55ed7e10f8eb5ab592d9e6d3e490c814dd4d76a02ff00b27192587a6335f36b050eb247bf783dcf64f1f7c75b53a95cada45047e442cf04909c891b1f75c1e7ae31cfad790378c356f88a973aec966b612fd89e190dba11e612a7706f500e0d57f0ff00c1087fb5269fc4b7f7eba5da4c049791ed48a5008e39cb638fee8e2bd03c01e36f0b6aba66bba6e976c97b6569762182e55be79233c12b5d4a9430f06e0b9adbbec15274dbe53e34f8463c63e1ff001ac5aa693617d70904c565f2d1b6e3a104e303af7afb0fc3de2ab1f363825d5f4fd0751be6caaea476ec76232003c123d335bfae7ed0ade03f18dada269cb6da4b5a9549228c229906721f1c30391d7d6bcaff0068593fe1647c338f5c834d5b3d56c24374059b0db247bb9c81d383dbb8af7ab627fb46a53f694f953ea7830a32c2539f24afe47a77c53f823e30d134b8e7f09cfa485b822596fef2f0b4970f8c6e0064007a0e7b57cef73f18fe267c2c9d575ed321bfd2a37d86683701c1ece3a1f4c8ad9f85df1ebc4335869b0d94cb75a7242b06a1613a9630b6e004a849ce0f191eb5ea1afe8d6de34f0fde41781409a37de1a318dc4657a9e0f43c706b28c5e0ea7b3c4d38ca37f9af98e77af0e784d99b2359fed15e0cb5d4749d56e34bbf8c660689b0eb2775719e79f4fae6ba65f194ff000f3c1d65a378bf5182e6f1b11b4817724c878566523ae383d6be57f80d73acf82be245f68d890c0b211340d1e57e538ddb4f5e0fe55f42f891345f166a31f85f5967d3ee24224b4bc87216707b0c8c83edfd715d189a4a8d6546f7a7baee91cf4dbab0e796fd4c5f8c874bd2bc12da7e956ab0c573fe976e624dcb9c82c540e9d735f37f87bc1faddc5b4c2cec65b9769bca9523fbeac7ee93c74e7ad7d5fe39f0d1f09f80ecedef64494da0610df8525517b67f007f1ae1bc1163ba4bf8c4d22ea13c2d2dbc916e452bc1561c738cd6d87c47b3a32695f5ea3947da4918fa1784f5ad374a29e20d36449d8fcaa87a73c827919e49fc6bc57e2e68ba6e9fab17b272cf23b1118fe1e9c6315fa11e184d3fc47e0db0ba98a5cc86052f388c6ede0775ed9c1e0d7cc3acf81349befda0a18759b78a7b32a5d60cb2e5b83938ff001abc163146bce6fa6ba1388a729c393d0b9f0e61b6b2f0959c315c882e120f9d2e58af627a37bf7a5f0fadd8d7750d34f976da63b09125b7910ab9c8ce49efc74f7af76d5bc23a0ad9b2b5908018f24143bc28e981d4e3e95e37f117e0e0d4f4f57b4616d0c7c892356491c64727a715e7d3ad1a937cfa731d6ee969d066bfe064f13e9534505d235c142b1b5c210db87fb43b007358de0bf84fa7783e617faccd0de4908f3153cc0bc77271dfdab94f83fe1bd6f53f1fc763a76bb28b28799479bbf2bc0231d33d6bd27e24783534e5ba27cd3e592db56405987b77ff0039aeea8e58797d5e33ba7b931b544aa38d99d0585fe81f17e36b4b256f26c4ee2ad6ff00203d38cfd719ef8a2bc5be1a5f687a73de44baaea1a412496b63707cbce7ef038145615a12a137085ec285a6b999ea577af4ba6fd8ed6d9a0fb24123796a8fd38c838c7aff003a7e9de25bcb5ff44b5996288917313a93f24a4f563d79354749fd8cbe225bcbe6378a609198fcc1ad6620fe240aeabc3ffb28fc47d22fd648f5ad2a48c91b81b6987d79cf7c0af2a53c0460d46bc65f7ff91e8c67525bc1a29378e2dbc49a1cb6b322c5bd5a1b98549cb36395c139ea7f106bcdbe08dde9fe1bf1af89b43b5491a35904b186701f6f031c8ed93cd7be9fd93b5e7d646a2daae9f6ced19531476ee437079396ebdba5636aff00b226a926b769ad47e24d274cd62d5f71b8b7b69409871f2b8dc47e39aaa58ec14235293a968c9767bfdc2a986a8f96505aa6701fb41cf6b7fe1dfb1b068f501179b10ce09e33ce3e9deb1fe01f8dff00b6bc3171a46ab89a3b70d1364e77e4f21b9f4c0c7be6bd37e257eccfe25f160d3ee5fc4ba72dedaf314b05bc8d91ee3383cd637833f665d5fc317b753c7aa5b34b74a3cc115b4c155b272c063af4aea8e3f2ff00a93a72aaafbadf4672cb0b88f6ca7c8edd4f02f1668973f063c72353d3dda5d1ee26ca8272b839ce40ea3ae2bdb57c42daef8709d3e68f6dcc20dbb0230ac3390c7391d0e0fa9aeafc49fb34dff8c3499f4fbdb94542a3cb996270cac070791edfa9ac4f027ec99e2bf0e412d93eaf0cb641f7453ec70c9ed8e463aff9e0d54cd30389a31954aab9e3ebaa22184ad46a5a11f75fe0cf3ff09f8ff40f10f89a0bbd4605d33c4508f226d8c50c8ea301b23fddfd7daba5f8beb71e20d2ecb51b43b6eec8acb14c4127d76eee31cfaff515a9ab7ec493ddea516a36dae3d85f020964b567563ee09e2ba8f0c7eccde21d0ac5adaebc5297b6ca36a87d2dc8c7707e7f4cd29e6397466ab52abf269ff90e386c4b4e1387ccccf02fc479be29f8065b598472eb3651ed5825c01310410df8f07d88ad3d0bc357cb771456cb26a9762dc34932438c9627230300600c74adef0afecefe1ad1b571793eafa9a3312596c2d7c824f7e4bf1f87e95ef9e1cb1f0be8966b6fa7e95a8792072594b3138ea58b9cd7898cce2846eb0bb3f2b23a68e0aaafe21e29f0dfc25e2f86f75386e74b9a3d3fce222f325405948fbc30c38fc2b90f1d7eccbe2bf1278e6d358b09b4eb64b6903c627625f8ec76ae2bebfb4b9d321b76f2b4bbf008c80224047fe3f59aba869f1deeff00ec7d44e3b148ff00f8baf256735a33e7a76573a7eab17a34cf9ff5df823e37d656369350d3ed9c0219a09dd5b1c7b63b7a54937c11f8817961f67b8d5f4a7b7dbb4993cc2c46303246335f468f13696aa7fe2537e847505179fc735149e37b26468c6877ee00e09083fad73bccb10adaafb8d3d8c169cbf89f2bf853f64cd6f46d666beb6d7acada7906184166cc0ffdf525686b5fb1fdc6bd752dc6b1e2dd4a776191e5431a041edc57d2565e2db2866e347ba873d794ff00135a1278bec0a9792c67f5e48207e3902b479be2e72e6e7d7d17f913ec21fca7cb3a0fec45e0db00564bdbfbae3ef4d2203d727f868afa82dfc71a5f24c0e89d000cbfe34544b33c6cdddd57f78fd8c568a08be6d413feb0f1cfddff00ebd471bdb92ebfbc0ca486e383ff008f5145783b6c573cbb919d2ad269649360620672c093ff00a1555b5d06c5a5794c40363ef60ff2ce28a286976345395b724b9d3ede22002ea00cfc8587f26a6c56703a13be60c7b8761ffb351452b25b213a937a362c9a75bb30532dcb03d73337e9f3556b8d1ad1d70f25c951c81e6b1feb45145b4b895496f723b2d0ec1d87cd70496c72e71fccd3ef74bd3a10d1ed99874396ff00ebd1453f3129cbb942f3c3da59840f26543c1ca4841fe74cb7d36c604ce2e3feff001a28a7bee3f6b37a365936b684125266f5cced59a2c2ca799bf712641c7370ff00d28a29585cf2ee5ffb0da2c43fd1be6e9932b1fe752da0b680edfb28247f16ecd1451763e7913b5d46aac7cac0c6700d429a8c24e04079f57a28a36d814e458fb4c4cdb843dba668a28ad06a723fffd9, 6, 3),
(16, 'Meowy', NULL, 6, 1);

-- --------------------------------------------------------

--
-- Table structure for table `pettype`
--

CREATE TABLE IF NOT EXISTS `pettype` (
  `petTypeId` int(11) NOT NULL AUTO_INCREMENT,
  `petType` varchar(255) DEFAULT NULL,
  PRIMARY KEY (`petTypeId`)
) ENGINE=InnoDB  DEFAULT CHARSET=latin1 AUTO_INCREMENT=3 ;

--
-- Dumping data for table `pettype`
--

INSERT INTO `pettype` (`petTypeId`, `petType`) VALUES
(1, 'Dog'),
(2, 'Cat');

--
-- Constraints for dumped tables
--

--
-- Constraints for table `breed`
--
ALTER TABLE `breed`
  ADD CONSTRAINT `FK96262k7sq6765nwrgl4tqqb96` FOREIGN KEY (`petTypeId`) REFERENCES `pettype` (`petTypeId`);

--
-- Constraints for table `comment`
--
ALTER TABLE `comment`
  ADD CONSTRAINT `FKd55vr2mbwtinv4xkv5xqstmm1` FOREIGN KEY (`commentedBy`) REFERENCES `owner` (`ownerId`),
  ADD CONSTRAINT `FKkxd517kasb7bb1wul4lnu4c5p` FOREIGN KEY (`petId`) REFERENCES `pet` (`petId`);

--
-- Constraints for table `emailowner`
--
ALTER TABLE `emailowner`
  ADD CONSTRAINT `FKhyaik81d2qwj7q8e63h0u3t1u` FOREIGN KEY (`contactedBy`) REFERENCES `owner` (`ownerId`),
  ADD CONSTRAINT `FKjit34yms6bmil4lsmciube9y2` FOREIGN KEY (`petId`) REFERENCES `pet` (`petId`);

--
-- Constraints for table `pet`
--
ALTER TABLE `pet`
  ADD CONSTRAINT `FKa6nbmu39v9jowkd7jqo1e1lyw` FOREIGN KEY (`ownerId`) REFERENCES `owner` (`ownerId`),
  ADD CONSTRAINT `FKfmco4cx4oc11gt4p1wd20r11j` FOREIGN KEY (`breedId`) REFERENCES `breed` (`breedId`);

/*!40101 SET CHARACTER_SET_CLIENT=@OLD_CHARACTER_SET_CLIENT */;
/*!40101 SET CHARACTER_SET_RESULTS=@OLD_CHARACTER_SET_RESULTS */;
/*!40101 SET COLLATION_CONNECTION=@OLD_COLLATION_CONNECTION */;
